項目,金額,年度
企業名,The Gunma Bank,2025
現金預け金,1844728,2024
商品有価証券,268,2024
金銭の信託,12251,2024
有価証券,2290971,2024
貸出金,6406055,2024
外国為替,8445,2024
リース債権及びリース投資資産,63506,2024
その他資産,109746,2024
有形固定資産,64772,2024
建物,19025,2024
土地,37584,2024
リース資産,463,2024
建設仮勘定,450,2024
その他の有形固定資産,7250,2024
無形固定資産,8162,2024
ソフトウエア,7672,2024
その他の無形固定資産,490,2024
退職給付に係る資産,40728,2024
繰延税金資産,1335,2024
支払承諾見返,8609,2024
貸倒引当金,-41366,2024
資産の部合計,10818218,2024
預金,8303258,2024
譲渡性預金,174403,2024
コールマネー及び売渡手形,40880,2024
売現先勘定,136841,2024
債券貸借取引受入担保金,283947,2024
借用金,1122729,2024
外国為替,341,2024
社債,50000,2024
信託勘定借,13575,2024
その他負債,95309,2024
役員賞与引当金,61,2024
退職給付に係る負債,342,2024
役員退職慰労引当金,140,2024
睡眠預金払戻損失引当金,154,2024
偶発損失引当金,915,2024
特別法上の引当金,0,2024
繰延税金負債,6708,2024
再評価に係る繰延税金負債,6902,2024
支払承諾,8609,2024
負債の部合計,10245122,2024
資本金,48652,2024
資本剰余金,29587,2024
利益剰余金,452960,2024
自己株式,-17146,2024
株主資本合計,514053,2024
その他有価証券評価差額金,23617,2024
繰延ヘッジ損益,942,2024
土地再評価差額金,12593,2024
退職給付に係る調整累計額,21889,2024
その他の包括利益累計額合計,59041,2024
純資産の部合計,573095,2024
負債及び純資産の部合計,10818218,2024
企業名,The Gunma Bank,2024
経常収益,200356,2024
資金運用収益,105807,2024
貸出金利息,68882,2024
有価証券利息配当金,35820,2024
コールローン利息及び買入手形利息,12,2024
預け金利息,1002,2024
その他の受入利息,89,2024
信託報酬,37,2024
役務取引等収益,28239,2024
その他業務収益,33504,2024
その他経常収益,32767,2024
償却債権取立益,9,2024
その他の経常収益,32757,2024
経常費用,156567,2024
資金調達費用,39779,2024
預金利息,4672,2024
譲渡性預金利息,637,2024
コールマネー利息及び売渡手形利息,3390,2024
売現先利息,6501,2024
債券貸借取引支払利息,3291,2024
借用金利息,1159,2024
社債利息,272,2024
その他の支払利息,19853,2024
役務取引等費用,9129,2024
その他業務費用,53003,2024
営業経費,51547,2024
その他経常費用,3107,2024
貸倒引当金繰入額,770,2024
その他の経常費用,2337,2024
経常利益,43788,2024
特別利益,210,2024
固定資産処分益,210,2024
特別損失,1016,2024
固定資産処分損,228,2024
減損損失,787,2024
金融商品取引責任準備金繰入額,0,2024
税金等調整前当期純利益,42982,2024
法人税、住民税及び事業税,11850,2024
法人税等調整額,6,2024
法人税等合計,11856,2024
当期純利益,31125,2024
親会社株主に帰属する当期純利益,31125,2024
当期純利益,31125,2024
その他の包括利益,42099,2024
その他有価証券評価差額金,25818,2024
繰延ヘッジ損益,691,2024
退職給付に係る調整額,14870,2024
持分法適用会社に対する持分相当額,719,2024
包括利益,73225,2024
親会社株主に係る包括利益,73225,2024
企業名,The Gunma Bank,2024
税金等調整前当期純利益,42982,2024
減価償却費,6193,2024
減損損失,787,2024
持分法による投資損益（△は益）,-141,2024
貸倒引当金の増減（△）,-4601,2024
役員賞与引当金の増減額（△は減少）,4,2024
退職給付に係る資産の増減額（△は増加）,-23764,2024
退職給付に係る負債の増減額（△は減少）,-16,2024
役員退職慰労引当金の増減額（△は減少）,-26,2024
睡眠預金払戻損失引当金の増減（△）,-110,2024
偶発損失引当金の増減（△）,-10,2024
資金運用収益,-105807,2024
資金調達費用,39779,2024
有価証券関係損益（△）,-5719,2024
金銭の信託の運用損益（△は運用益）,-0,2024
為替差損益（△は益）,-1505,2024
固定資産処分損益（△は益）,18,2024
商品有価証券の純増（△）減,272,2024
貸出金の純増（△）減,-414758,2024
預金の純増減（△）,258420,2024
譲渡性預金の純増減（△）,-25016,2024
借用金（劣後特約付借入金を除く）の純増減（△）,195736,2024
預け金（日銀預け金を除く）の純増（△）減,-11136,2024
コールマネー等の純増減（△）,12171,2024
売現先勘定の純増減（△）,50275,2024
債券貸借取引受入担保金の純増減（△）,-439502,2024
外国為替（資産）の純増（△）減,1599,2024
外国為替（負債）の純増減（△）,3,2024
リース債権及びリース投資資産の純増（△）減,-2952,2024
信託勘定借の純増減（△）,587,2024
資金運用による収入,108367,2024
資金調達による支出,-38513,2024
その他,-28661,2024
小計,-385043,2024
法人税等の支払額,-9480,2024
営業活動によるキャッシュ・フロー,-394524,2024
有価証券の取得による支出,-830733,2024
有価証券の売却による収入,1065544,2024
有価証券の償還による収入,185624,2024
金銭の信託の増加による支出,-2400,2024
金銭の信託の減少による収入,2,2024
有形固定資産の取得による支出,-4347,2024
無形固定資産の取得による支出,-2941,2024
有形固定資産の売却による収入,252,2024
投資活動によるキャッシュ・フロー,411002,2024
劣後特約付社債の発行による収入,10000,2024
劣後特約付社債の償還による支出,-10000,2024
自己株式の取得による支出,-8001,2024
自己株式の売却による収入,94,2024
配当金の支払額,-8021,2024
財務活動によるキャッシュ・フロー,-15929,2024
現金及び現金同等物の増減額（△は減少）,548,2024
現金及び現金同等物の期首残高,1829954,2024
現金及び現金同等物の期末残高,1830503,2024
企業名,The Gunma Bank,2024
現金預け金,1833043,2023
商品有価証券,541,2023
金銭の信託,9854,2023
有価証券,2617250,2023
貸出金,5991297,2023
外国為替,10045,2023
リース債権及びリース投資資産,60554,2023
その他資産,74120,2023
有形固定資産,65013,2023
建物,18539,2023
土地,38233,2023
リース資産,530,2023
建設仮勘定,960,2023
その他の有形固定資産,6748,2023
無形固定資産,8053,2023
ソフトウエア,7559,2023
その他の無形固定資産,494,2023
退職給付に係る資産,16963,2023
繰延税金資産,13003,2023
支払承諾見返,8527,2023
貸倒引当金,-45967,2023
資産の部合計,10662300,2023
預金,8044837,2023
譲渡性預金,199419,2023
コールマネー及び売渡手形,28708,2023
売現先勘定,86565,2023
債券貸借取引受入担保金,723449,2023
借用金,926993,2023
外国為替,338,2023
社債,50000,2023
信託勘定借,12988,2023
その他負債,55774,2023
役員賞与引当金,56,2023
退職給付に係る負債,358,2023
役員退職慰労引当金,167,2023
睡眠預金払戻損失引当金,264,2023
偶発損失引当金,926,2023
特別法上の引当金,0,2023
再評価に係る繰延税金負債,7112,2023
支払承諾,8527,2023
負債の部合計,10146489,2023
資本金,48652,2023
資本剰余金,29581,2023
利益剰余金,429438,2023
自己株式,-9233,2023
株主資本合計,498439,2023
その他有価証券評価差額金,-2920,2023
繰延ヘッジ損益,250,2023
土地再評価差額金,13022,2023
退職給付に係る調整累計額,7018,2023
その他の包括利益累計額合計,17370,2023
純資産の部合計,515810,2023
負債及び純資産の部合計,10662300,2023
企業名,The Gunma Bank,2023
経常収益,176589,2023
資金運用収益,87076,2023
貸出金利息,58544,2023
有価証券利息配当金,26381,2023
コールローン利息及び買入手形利息,55,2023
預け金利息,2024,2023
その他の受入利息,69,2023
信託報酬,36,2023
役務取引等収益,22763,2023
その他業務収益,37385,2023
その他経常収益,29328,2023
償却債権取立益,4,2023
その他の経常収益,29323,2023
経常費用,138273,2023
資金調達費用,15620,2023
預金利息,1512,2023
譲渡性預金利息,1257,2023
コールマネー利息及び売渡手形利息,1699,2023
売現先利息,1023,2023
債券貸借取引支払利息,2790,2023
借用金利息,559,2023
社債利息,226,2023
その他の支払利息,6552,2023
役務取引等費用,8357,2023
その他業務費用,59603,2023
営業経費,51549,2023
その他経常費用,3141,2023
貸倒引当金繰入額,909,2023
その他の経常費用,2232,2023
経常利益,38316,2023
特別利益,1597,2023
固定資産処分益,1597,2023
特別損失,1013,2023
固定資産処分損,603,2023
減損損失,409,2023
金融商品取引責任準備金繰入額,0,2023
税金等調整前当期純利益,38901,2023
法人税、住民税及び事業税,8426,2023
法人税等調整額,2542,2023
法人税等合計,10968,2023
当期純利益,27933,2023
親会社株主に帰属する当期純利益,27933,2023
当期純利益,27933,2023
その他の包括利益,-33310,2023
その他有価証券評価差額金,-36479,2023
繰延ヘッジ損益,388,2023
退職給付に係る調整額,2601,2023
持分法適用会社に対する持分相当額,179,2023
包括利益,-5377,2023
親会社株主に係る包括利益,-5377,2023
企業名,The Gunma Bank,2023
税金等調整前当期純利益,38901,2023
減価償却費,6572,2023
減損損失,409,2023
持分法による投資損益（△は益）,-221,2023
貸倒引当金の増減（△）,-6517,2023
役員賞与引当金の増減額（△は減少）,-2,2023
退職給付に係る資産の増減額（△は増加）,-6150,2023
退職給付に係る負債の増減額（△は減少）,-4,2023
役員退職慰労引当金の増減額（△は減少）,-36,2023
睡眠預金払戻損失引当金の増減（△）,-103,2023
偶発損失引当金の増減（△）,25,2023
資金運用収益,-87076,2023
資金調達費用,15620,2023
有価証券関係損益（△）,1772,2023
金銭の信託の運用損益（△は運用益）,11,2023
為替差損益（△は益）,-2554,2023
固定資産処分損益（△は益）,-994,2023
商品有価証券の純増（△）減,400,2023
貸出金の純増（△）減,-233200,2023
預金の純増減（△）,85504,2023
譲渡性預金の純増減（△）,-9838,2023
借用金（劣後特約付借入金を除く）の純増減（△）,-573802,2023
預け金（日銀預け金を除く）の純増（△）減,523,2023
コールローン等の純増（△）減,6119,2023
コールマネー等の純増減（△）,36623,2023
債券貸借取引受入担保金の純増減（△）,-9545,2023
外国為替（資産）の純増（△）減,24199,2023
外国為替（負債）の純増減（△）,-196,2023
リース債権及びリース投資資産の純増（△）減,-363,2023
信託勘定借の純増減（△）,931,2023
資金運用による収入,90335,2023
資金調達による支出,-14451,2023
その他,-13296,2023
小計,-650404,2023
法人税等の支払額,-5761,2023
営業活動によるキャッシュ・フロー,-656166,2023
有価証券の取得による支出,-823174,2023
有価証券の売却による収入,519392,2023
有価証券の償還による収入,151062,2023
金銭の信託の増加による支出,-1600,2023
金銭の信託の減少による収入,14,2023
有形固定資産の取得による支出,-3775,2023
無形固定資産の取得による支出,-2031,2023
有形固定資産の売却による収入,2356,2023
事業譲渡による収入,4437,2023
投資活動によるキャッシュ・フロー,-153319,2023
劣後特約付社債の発行による収入,10000,2023
劣後特約付社債の償還による支出,-10000,2023
自己株式の取得による支出,-2000,2023
自己株式の売却による収入,94,2023
配当金の支払額,-6159,2023
財務活動によるキャッシュ・フロー,-8066,2023
現金及び現金同等物の増減額（△は減少）,-817552,2023
現金及び現金同等物の期首残高,2647506,2023
現金及び現金同等物の期末残高,1829954,2023
企業名,The Gunma Bank,2023
現金預け金,2651118,2022
コールローン及び買入手形,6119,2022
買入金銭債権,5706,2022
商品有価証券,942,2022
金銭の信託,8268,2022
有価証券,2501019,2022
貸出金,5758096,2022
外国為替,34244,2022
リース債権及びリース投資資産,60191,2022
その他資産,78824,2022
有形固定資産,66191,2022
建物,18818,2022
土地,39550,2022
リース資産,597,2022
建設仮勘定,361,2022
その他の有形固定資産,6863,2022
無形固定資産,9236,2022
ソフトウエア,8735,2022
その他の無形固定資産,500,2022
退職給付に係る資産,10813,2022
繰延税金資産,1488,2022
支払承諾見返,8764,2022
貸倒引当金,-52485,2022
資産の部合計,11148539,2022
預金,7959333,2022
譲渡性預金,209258,2022
コールマネー及び売渡手形,70496,2022
売現先勘定,8153,2022
債券貸借取引受入担保金,732995,2022
借用金,1500795,2022
外国為替,534,2022
社債,50000,2022
信託勘定借,12056,2022
その他負債,57106,2022
役員賞与引当金,59,2022
退職給付に係る負債,362,2022
役員退職慰労引当金,204,2022
睡眠預金払戻損失引当金,367,2022
ポイント引当金,155,2022
偶発損失引当金,900,2022
特別法上の引当金,0,2022
繰延税金負債,359,2022
再評価に係る繰延税金負債,7377,2022
支払承諾,8764,2022
負債の部合計,10619283,2022
資本金,48652,2022
資本剰余金,29581,2022
利益剰余金,407300,2022
自己株式,-7352,2022
株主資本合計,478181,2022
その他有価証券評価差額金,33379,2022
繰延ヘッジ損益,-137,2022
土地再評価差額金,13415,2022
退職給付に係る調整累計額,4417,2022
その他の包括利益累計額合計,51074,2022
純資産の部合計,529256,2022
負債及び純資産の部合計,11148539,2022
企業名,The Gunma Bank,2022
経常収益,150197,2022
資金運用収益,73869,2022
貸出金利息,53281,2022
有価証券利息配当金,18765,2022
コールローン利息及び買入手形利息,0,2022
預け金利息,980,2022
その他の受入利息,841,2022
信託報酬,52,2022
役務取引等収益,21544,2022
その他業務収益,38399,2022
その他経常収益,16331,2022
償却債権取立益,2,2022
その他の経常収益,16328,2022
経常費用,111086,2022
資金調達費用,1868,2022
預金利息,353,2022
譲渡性預金利息,112,2022
コールマネー利息及び売渡手形利息,48,2022
売現先利息,9,2022
債券貸借取引支払利息,239,2022
借用金利息,59,2022
社債利息,218,2022
その他の支払利息,826,2022
役務取引等費用,8222,2022
その他業務費用,32459,2022
営業経費,55503,2022
その他経常費用,13031,2022
貸倒引当金繰入額,7505,2022
その他の経常費用,5526,2022
経常利益,39111,2022
特別利益,2493,2022
固定資産処分益,2493,2022
特別損失,1821,2022
固定資産処分損,438,2022
減損損失,1382,2022
金融商品取引責任準備金繰入額,0,2022
税金等調整前当期純利益,39783,2022
法人税、住民税及び事業税,8062,2022
法人税等調整額,5284,2022
法人税等合計,13347,2022
当期純利益,26436,2022
親会社株主に帰属する当期純利益,26436,2022
当期純利益,26436,2022
その他の包括利益,-35940,2022
その他有価証券評価差額金,-38371,2022
繰延ヘッジ損益,93,2022
為替換算調整勘定,98,2022
退職給付に係る調整額,2029,2022
持分法適用会社に対する持分相当額,209,2022
包括利益,-9504,2022
親会社株主に係る包括利益,-9504,2022
企業名,The Gunma Bank,2022
税金等調整前当期純利益,39783,2022
減価償却費,6863,2022
減損損失,1382,2022
持分法による投資損益（△は益）,-146,2022
貸倒引当金の増減（△）,-10543,2022
役員賞与引当金の増減額（△は減少）,2,2022
退職給付に係る資産の増減額（△は増加）,-4181,2022
退職給付に係る負債の増減額（△は減少）,-5,2022
役員退職慰労引当金の増減額（△は減少）,-40,2022
睡眠預金払戻損失引当金の増減（△）,-165,2022
ポイント引当金の増減額（△は減少）,11,2022
偶発損失引当金の増減（△）,0,2022
資金運用収益,-73869,2022
資金調達費用,1868,2022
有価証券関係損益（△）,-9616,2022
金銭の信託の運用損益（△は運用益）,-6,2022
為替差損益（△は益）,-1510,2022
固定資産処分損益（△は益）,-2055,2022
商品有価証券の純増（△）減,-118,2022
貸出金の純増（△）減,-69248,2022
預金の純増減（△）,217672,2022
譲渡性預金の純増減（△）,41583,2022
借用金（劣後特約付借入金を除く）の純増減（△）,209714,2022
預け金（日銀預け金を除く）の純増（△）減,-1834,2022
コールローン等の純増（△）減,-6203,2022
コールマネー等の純増減（△）,36570,2022
債券貸借取引受入担保金の純増減（△）,63970,2022
外国為替（資産）の純増（△）減,-19296,2022
外国為替（負債）の純増減（△）,372,2022
リース債権及びリース投資資産の純増（△）減,-662,2022
信託勘定借の純増減（△）,3102,2022
資金運用による収入,79092,2022
資金調達による支出,-1897,2022
その他,-26764,2022
小計,473822,2022
法人税等の支払額,-14233,2022
営業活動によるキャッシュ・フロー,459588,2022
有価証券の取得による支出,-909311,2022
有価証券の売却による収入,570154,2022
有価証券の償還による収入,210372,2022
金銭の信託の減少による収入,2999,2022
有形固定資産の取得による支出,-3157,2022
無形固定資産の取得による支出,-2820,2022
有形固定資産の売却による収入,3954,2022
投資活動によるキャッシュ・フロー,-127807,2022
劣後特約付社債の発行による収入,10000,2022
劣後特約付社債の償還による支出,-10000,2022
自己株式の取得による支出,-3500,2022
自己株式の売却による収入,92,2022
配当金の支払額,-5872,2022
財務活動によるキャッシュ・フロー,-9281,2022
現金及び現金同等物に係る換算差額,103,2022
現金及び現金同等物の増減額（△は減少）,322602,2022
現金及び現金同等物の期首残高,2324903,2022
現金及び現金同等物の期末残高,2647506,2022
企業名,The Gunma Bank,2022
現金預け金,2326681,2021
買入金銭債権,5621,2021
商品有価証券,823,2021
金銭の信託,11268,2021
有価証券,2402460,2021
貸出金,5688847,2021
外国為替,14947,2021
リース債権及びリース投資資産,59528,2021
その他資産,71348,2021
有形固定資産,69463,2021
建物,18812,2021
土地,41600,2021
リース資産,664,2021
建設仮勘定,2786,2021
その他の有形固定資産,5600,2021
無形固定資産,9956,2021
ソフトウエア,9444,2021
その他の無形固定資産,512,2021
退職給付に係る資産,6631,2021
繰延税金資産,1571,2021
支払承諾見返,9632,2021
貸倒引当金,-63028,2021
資産の部合計,10615756,2021
預金,7741661,2021
譲渡性預金,167674,2021
コールマネー及び売渡手形,37087,2021
売現先勘定,4992,2021
債券貸借取引受入担保金,669024,2021
借用金,1291081,2021
外国為替,162,2021
社債,50000,2021
信託勘定借,8953,2021
その他負債,66683,2021
役員賞与引当金,56,2021
退職給付に係る負債,368,2021
役員退職慰労引当金,244,2021
睡眠預金払戻損失引当金,533,2021
ポイント引当金,144,2021
偶発損失引当金,900,2021
特別法上の引当金,0,2021
繰延税金負債,10636,2021
再評価に係る繰延税金負債,7823,2021
支払承諾,9632,2021
負債の部合計,10067663,2021
資本金,48652,2021
資本剰余金,29581,2021
利益剰余金,391382,2021
自己株式,-8838,2021
株主資本合計,460778,2021
その他有価証券評価差額金,71541,2021
繰延ヘッジ損益,-231,2021
土地再評価差額金,13715,2021
為替換算調整勘定,-98,2021
退職給付に係る調整累計額,2387,2021
その他の包括利益累計額合計,87314,2021
純資産の部合計,548093,2021
負債及び純資産の部合計,10615756,2021
企業名,The Gunma Bank,2021
経常収益,143316,2021
資金運用収益,69790,2021
貸出金利息,54034,2021
有価証券利息配当金,14596,2021
コールローン利息及び買入手形利息,-12,2021
預け金利息,368,2021
その他の受入利息,802,2021
信託報酬,53,2021
役務取引等収益,21379,2021
その他業務収益,38152,2021
その他経常収益,13941,2021
償却債権取立益,2,2021
その他の経常収益,13938,2021
経常費用,123233,2021
資金調達費用,2530,2021
預金利息,451,2021
譲渡性預金利息,224,2021
コールマネー利息及び売渡手形利息,-8,2021
売現先利息,64,2021
債券貸借取引支払利息,242,2021
借用金利息,248,2021
社債利息,214,2021
その他の支払利息,1094,2021
役務取引等費用,8208,2021
その他業務費用,29020,2021
営業経費,57461,2021
その他経常費用,26011,2021
貸倒引当金繰入額,21888,2021
その他の経常費用,4123,2021
経常利益,20082,2021
特別利益,278,2021
固定資産処分益,4,2021
新株予約権戻入益,274,2021
特別損失,552,2021
固定資産処分損,270,2021
減損損失,282,2021
金融商品取引責任準備金繰入額,0,2021
税金等調整前当期純利益,19808,2021
法人税、住民税及び事業税,11436,2021
法人税等調整額,-5128,2021
法人税等合計,6307,2021
当期純利益,13501,2021
親会社株主に帰属する当期純利益,13501,2021
当期純利益,13501,2021
その他の包括利益,52014,2021
その他有価証券評価差額金,39755,2021
繰延ヘッジ損益,98,2021
為替換算調整勘定,-127,2021
退職給付に係る調整額,11929,2021
持分法適用会社に対する持分相当額,358,2021
包括利益,65515,2021
親会社株主に係る包括利益,65515,2021
企業名,The Gunma Bank,2021
税金等調整前当期純利益,19808,2021
減価償却費,6497,2021
減損損失,282,2021
新株予約権戻入益,-274,2021
持分法による投資損益（△は益）,-131,2021
貸倒引当金の増減（△）,17609,2021
役員賞与引当金の増減額（△は減少）,-4,2021
退職給付に係る資産の増減額（△は増加）,-6380,2021
退職給付に係る負債の増減額（△は減少）,-10153,2021
役員退職慰労引当金の増減額（△は減少）,-43,2021
睡眠預金払戻損失引当金の増減（△）,-148,2021
ポイント引当金の増減額（△は減少）,4,2021
偶発損失引当金の増減（△）,-47,2021
資金運用収益,-69790,2021
資金調達費用,2530,2021
有価証券関係損益（△）,-12638,2021
金銭の信託の運用損益（△は運用益）,-7,2021
為替差損益（△は益）,-302,2021
固定資産処分損益（△は益）,266,2021
商品有価証券の純増（△）減,899,2021
貸出金の純増（△）減,-145670,2021
預金の純増減（△）,701552,2021
譲渡性預金の純増減（△）,3459,2021
借用金（劣後特約付借入金を除く）の純増減（△）,809336,2021
預け金（日銀預け金を除く）の純増（△）減,2146,2021
コールローン等の純増（△）減,3492,2021
コールマネー等の純増減（△）,23677,2021
債券貸借取引受入担保金の純増減（△）,577893,2021
外国為替（資産）の純増（△）減,2925,2021
外国為替（負債）の純増減（△）,-218,2021
リース債権及びリース投資資産の純増（△）減,-603,2021
信託勘定借の純増減（△）,4054,2021
資金運用による収入,73013,2021
資金調達による支出,-2884,2021
その他,-7767,2021
小計,1992383,2021
法人税等の支払額,-5208,2021
営業活動によるキャッシュ・フロー,1987175,2021
有価証券の取得による支出,-1010823,2021
有価証券の売却による収入,314580,2021
有価証券の償還による収入,210694,2021
金銭の信託の増加による支出,-4490,2021
有形固定資産の取得による支出,-5022,2021
無形固定資産の取得による支出,-3431,2021
有形固定資産の売却による収入,123,2021
投資活動によるキャッシュ・フロー,-498369,2021
自己株式の取得による支出,-0,2021
自己株式の売却による収入,295,2021
配当金の支払額,-5456,2021
財務活動によるキャッシュ・フロー,-5161,2021
現金及び現金同等物に係る換算差額,-126,2021
現金及び現金同等物の増減額（△は減少）,1483517,2021
現金及び現金同等物の期首残高,841386,2021
現金及び現金同等物の期末残高,2324903,2021
企業名,The Gunma Bank,2021
現金預け金,845309,2020
買入金銭債権,9113,2020
商品有価証券,1722,2020
金銭の信託,6778,2020
有価証券,1789364,2020
貸出金,5543176,2020
外国為替,17872,2020
リース債権及びリース投資資産,58925,2020
その他資産,93309,2020
有形固定資産,68354,2020
建物,18095,2020
土地,41834,2020
リース資産,749,2020
建設仮勘定,1312,2020
その他の有形固定資産,6363,2020
無形固定資産,9760,2020
ソフトウエア,9249,2020
その他の無形固定資産,511,2020
退職給付に係る資産,251,2020
繰延税金資産,8552,2020
支払承諾見返,9790,2020
貸倒引当金,-45418,2020
資産の部合計,8416864,2020
預金,7040108,2020
譲渡性預金,164214,2020
売現先勘定,18402,2020
債券貸借取引受入担保金,91131,2020
借用金,481744,2020
外国為替,381,2020
社債,50000,2020
信託勘定借,4899,2020
その他負債,47657,2020
役員賞与引当金,61,2020
退職給付に係る負債,10521,2020
役員退職慰労引当金,288,2020
睡眠預金払戻損失引当金,682,2020
ポイント引当金,140,2020
偶発損失引当金,947,2020
特別法上の引当金,0,2020
繰延税金負債,14,2020
再評価に係る繰延税金負債,7851,2020
支払承諾,9790,2020
負債の部合計,7928835,2020
資本金,48652,2020
資本剰余金,29581,2020
利益剰余金,383452,2020
自己株式,-9309,2020
株主資本合計,452377,2020
その他有価証券評価差額金,31427,2020
繰延ヘッジ損益,-330,2020
土地再評価差額金,13778,2020
為替換算調整勘定,29,2020
退職給付に係る調整累計額,-9541,2020
その他の包括利益累計額合計,35363,2020
新株予約権,287,2020
純資産の部合計,488028,2020
負債及び純資産の部合計,8416864,2020
企業名,The Gunma Bank,2020
経常収益,143069,2020
資金運用収益,74017,2020
貸出金利息,56904,2020
有価証券利息配当金,16094,2020
コールローン利息及び買入手形利息,15,2020
預け金利息,99,2020
その他の受入利息,902,2020
信託報酬,36,2020
役務取引等収益,20554,2020
その他業務収益,37024,2020
その他経常収益,11437,2020
償却債権取立益,4,2020
その他の経常収益,11433,2020
経常費用,111545,2020
資金調達費用,6437,2020
預金利息,1348,2020
譲渡性預金利息,952,2020
コールマネー利息及び売渡手形利息,0,2020
売現先利息,317,2020
債券貸借取引支払利息,351,2020
借用金利息,545,2020
社債利息,187,2020
その他の支払利息,2734,2020
役務取引等費用,8131,2020
その他業務費用,31821,2020
営業経費,56438,2020
その他経常費用,8716,2020
貸倒引当金繰入額,3679,2020
その他の経常費用,5036,2020
経常利益,31523,2020
特別利益,0,2020
固定資産処分益,0,2020
特別損失,694,2020
固定資産処分損,212,2020
減損損失,482,2020
金融商品取引責任準備金繰入額,0,2020
税金等調整前当期純利益,30829,2020
法人税、住民税及び事業税,8392,2020
法人税等調整額,76,2020
法人税等合計,8469,2020
当期純利益,22360,2020
非支配株主に帰属する当期純利益,79,2020
親会社株主に帰属する当期純利益,22280,2020
当期純利益,22360,2020
その他の包括利益,-52506,2020
その他有価証券評価差額金,-46608,2020
繰延ヘッジ損益,-151,2020
為替換算調整勘定,-57,2020
退職給付に係る調整額,-5695,2020
持分法適用会社に対する持分相当額,6,2020
包括利益,-30146,2020
親会社株主に係る包括利益,-30323,2020
非支配株主に係る包括利益,176,2020
企業名,The Gunma Bank,2020
税金等調整前当期純利益,30829,2020
減価償却費,6899,2020
減損損失,482,2020
持分法による投資損益（△は益）,-160,2020
貸倒引当金の増減（△）,702,2020
役員賞与引当金の増減額（△は減少）,13,2020
退職給付に係る資産の増減額（△は増加）,1220,2020
退職給付に係る負債の増減額（△は減少）,5673,2020
役員退職慰労引当金の増減額（△は減少）,-102,2020
睡眠預金払戻損失引当金の増減（△）,-223,2020
ポイント引当金の増減額（△は減少）,5,2020
偶発損失引当金の増減（△）,8,2020
資金運用収益,-74017,2020
資金調達費用,6437,2020
有価証券関係損益（△）,-7419,2020
金銭の信託の運用損益（△は運用益）,-14,2020
為替差損益（△は益）,-401,2020
固定資産処分損益（△は益）,212,2020
商品有価証券の純増（△）減,-367,2020
貸出金の純増（△）減,-30993,2020
預金の純増減（△）,241234,2020
譲渡性預金の純増減（△）,-18966,2020
借用金（劣後特約付借入金を除く）の純増減（△）,64401,2020
預け金（日銀預け金を除く）の純増（△）減,829,2020
コールローン等の純増（△）減,851,2020
コールマネー等の純増減（△）,220,2020
債券貸借取引受入担保金の純増減（△）,46627,2020
外国為替（資産）の純増（△）減,-11086,2020
外国為替（負債）の純増減（△）,13,2020
リース債権及びリース投資資産の純増（△）減,-3622,2020
信託勘定借の純増減（△）,2914,2020
資金運用による収入,75979,2020
資金調達による支出,-6709,2020
その他,-2729,2020
小計,328741,2020
法人税等の支払額,-11767,2020
営業活動によるキャッシュ・フロー,316974,2020
有価証券の取得による支出,-593426,2020
有価証券の売却による収入,189844,2020
有価証券の償還による収入,202792,2020
金銭の信託の増加による支出,-840,2020
有形固定資産の取得による支出,-3798,2020
無形固定資産の取得による支出,-2505,2020
有形固定資産の売却による収入,16,2020
投資活動によるキャッシュ・フロー,-207917,2020
劣後特約付社債の発行による収入,20000,2020
新株予約権付社債の償還による支出,-22198,2020
自己株式の取得による支出,-3000,2020
自己株式の売却による収入,328,2020
配当金の支払額,-5504,2020
非支配株主への配当金の支払額,-9,2020
連結範囲の変更を伴わない子会社株式の取得による支出,-5293,2020
財務活動によるキャッシュ・フロー,-15676,2020
現金及び現金同等物に係る換算差額,-58,2020
現金及び現金同等物の増減額（△は減少）,93321,2020
現金及び現金同等物の期首残高,748064,2020
現金及び現金同等物の期末残高,841386,2020
企業名,The Gunma Bank,2020
現金預け金,752818,2019
買入金銭債権,9965,2019
商品有価証券,1355,2019
金銭の信託,5938,2019
有価証券,1701356,2019
貸出金,5512182,2019
外国為替,6786,2019
リース債権及びリース投資資産,55302,2019
その他資産,46053,2019
有形固定資産,68806,2019
建物,18444,2019
土地,42136,2019
リース資産,797,2019
建設仮勘定,248,2019
その他の有形固定資産,7178,2019
無形固定資産,10678,2019
ソフトウエア,10135,2019
その他の無形固定資産,543,2019
退職給付に係る資産,1471,2019
繰延税金資産,1498,2019
支払承諾見返,10638,2019
貸倒引当金,-44716,2019
資産の部合計,8140134,2019
預金,6798874,2019
譲渡性預金,183181,2019
売現先勘定,18181,2019
債券貸借取引受入担保金,44503,2019
借用金,417342,2019
外国為替,367,2019
社債,30000,2019
新株予約権付社債,22198,2019
信託勘定借,1984,2019
その他負債,49895,2019
役員賞与引当金,48,2019
退職給付に係る負債,4848,2019
役員退職慰労引当金,390,2019
睡眠預金払戻損失引当金,905,2019
ポイント引当金,135,2019
偶発損失引当金,938,2019
特別法上の引当金,0,2019
繰延税金負債,15823,2019
再評価に係る繰延税金負債,7917,2019
支払承諾,10638,2019
負債の部合計,7608175,2019
資本金,48652,2019
資本剰余金,29255,2019
利益剰余金,376865,2019
自己株式,-16977,2019
株主資本合計,437795,2019
その他有価証券評価差額金,78127,2019
繰延ヘッジ損益,-179,2019
土地再評価差額金,13929,2019
為替換算調整勘定,86,2019
退職給付に係る調整累計額,-3846,2019
その他の包括利益累計額合計,88118,2019
新株予約権,510,2019
非支配株主持分,5534,2019
純資産の部合計,531959,2019
負債及び純資産の部合計,8140134,2019
企業名,The Gunma Bank,2019
経常収益,148730,2019
資金運用収益,81500,2019
貸出金利息,57540,2019
有価証券利息配当金,22901,2019
コールローン利息及び買入手形利息,101,2019
預け金利息,101,2019
その他の受入利息,855,2019
信託報酬,20,2019
役務取引等収益,20938,2019
その他業務収益,28654,2019
その他経常収益,17616,2019
償却債権取立益,5,2019
その他の経常収益,17611,2019
経常費用,112945,2019
資金調達費用,7190,2019
預金利息,1531,2019
譲渡性預金利息,1083,2019
コールマネー利息及び売渡手形利息,-5,2019
売現先利息,352,2019
債券貸借取引支払利息,1085,2019
借用金利息,573,2019
社債利息,126,2019
その他の支払利息,2443,2019
役務取引等費用,7765,2019
その他業務費用,27794,2019
営業経費,59111,2019
その他経常費用,11082,2019
貸倒引当金繰入額,8148,2019
その他の経常費用,2933,2019
経常利益,35785,2019
特別利益,39,2019
固定資産処分益,39,2019
特別損失,516,2019
固定資産処分損,352,2019
減損損失,164,2019
金融商品取引責任準備金繰入額,0,2019
税金等調整前当期純利益,35308,2019
法人税、住民税及び事業税,12120,2019
法人税等調整額,-413,2019
法人税等合計,11706,2019
当期純利益,23601,2019
非支配株主に帰属する当期純利益,280,2019
親会社株主に帰属する当期純利益,23321,2019
当期純利益,23601,2019
その他の包括利益,-17928,2019
その他有価証券評価差額金,-16839,2019
繰延ヘッジ損益,-56,2019
為替換算調整勘定,-79,2019
退職給付に係る調整額,-1182,2019
持分法適用会社に対する持分相当額,229,2019
包括利益,5673,2019
親会社株主に係る包括利益,5435,2019
非支配株主に係る包括利益,238,2019
企業名,The Gunma Bank,2019
税金等調整前当期純利益,35308,2019
減価償却費,6761,2019
減損損失,164,2019
持分法による投資損益（△は益）,-569,2019
貸倒引当金の増減（△）,6019,2019
役員賞与引当金の増減額（△は減少）,-3,2019
退職給付に係る資産の増減額（△は増加）,-700,2019
退職給付に係る負債の増減額（△は減少）,2552,2019
役員退職慰労引当金の増減額（△は減少）,-69,2019
睡眠預金払戻損失引当金の増減（△）,-214,2019
ポイント引当金の増減額（△は減少）,11,2019
偶発損失引当金の増減（△）,16,2019
資金運用収益,-81500,2019
資金調達費用,7190,2019
有価証券関係損益（△）,-11823,2019
金銭の信託の運用損益（△は運用益）,47,2019
為替差損益（△は益）,-237,2019
固定資産処分損益（△は益）,312,2019
商品有価証券の純増（△）減,-970,2019
貸出金の純増（△）減,-38738,2019
預金の純増減（△）,136874,2019
譲渡性預金の純増減（△）,5175,2019
借用金（劣後特約付借入金を除く）の純増減（△）,74208,2019
預け金（日銀預け金を除く）の純増（△）減,-834,2019
コールローン等の純増（△）減,388,2019
コールマネー等の純増減（△）,18113,2019
債券貸借取引受入担保金の純増減（△）,-98281,2019
外国為替（資産）の純増（△）減,-2206,2019
外国為替（負債）の純増減（△）,183,2019
リース債権及びリース投資資産の純増（△）減,-4911,2019
信託勘定借の純増減（△）,1971,2019
資金運用による収入,82405,2019
資金調達による支出,-7259,2019
その他,10794,2019
小計,140182,2019
法人税等の支払額,-13273,2019
営業活動によるキャッシュ・フロー,126908,2019
有価証券の取得による支出,-526549,2019
有価証券の売却による収入,350360,2019
有価証券の償還による収入,234298,2019
金銭の信託の減少による収入,630,2019
有形固定資産の取得による支出,-4964,2019
無形固定資産の取得による支出,-3036,2019
有形固定資産の売却による収入,112,2019
投資活動によるキャッシュ・フロー,50850,2019
劣後特約付社債の発行による収入,10000,2019
自己株式の取得による支出,-4101,2019
自己株式の売却による収入,71,2019
配当金の支払額,-5633,2019
非支配株主への配当金の支払額,-10,2019
財務活動によるキャッシュ・フロー,326,2019
現金及び現金同等物に係る換算差額,-75,2019
現金及び現金同等物の増減額（△は減少）,178010,2019
現金及び現金同等物の期首残高,570054,2019
現金及び現金同等物の期末残高,748064,2019
企業名,The Gunma Bank,2019
現金預け金,573973,2018
買入金銭債権,10353,2018
商品有価証券,384,2018
金銭の信託,6629,2018
有価証券,1763176,2018
貸出金,5473444,2018
外国為替,4580,2018
リース債権及びリース投資資産,50390,2018
その他資産,67277,2018
有形固定資産,67841,2018
建物,17680,2018
土地,42302,2018
リース資産,864,2018
建設仮勘定,385,2018
その他の有形固定資産,6607,2018
無形固定資産,10988,2018
ソフトウエア,10388,2018
その他の無形固定資産,599,2018
退職給付に係る資産,770,2018
繰延税金資産,1390,2018
支払承諾見返,12284,2018
貸倒引当金,-38697,2018
資産の部合計,8004790,2018
預金,6661999,2018
譲渡性預金,178005,2018
コールマネー及び売渡手形,67,2018
債券貸借取引受入担保金,142784,2018
借用金,343133,2018
外国為替,183,2018
社債,20000,2018
新株予約権付社債,21248,2018
信託勘定借,13,2018
その他負債,51589,2018
役員賞与引当金,51,2018
退職給付に係る負債,2295,2018
役員退職慰労引当金,459,2018
睡眠預金払戻損失引当金,1120,2018
ポイント引当金,123,2018
偶発損失引当金,922,2018
特別法上の引当金,0,2018
繰延税金負債,23947,2018
再評価に係る繰延税金負債,7944,2018
支払承諾,12284,2018
負債の部合計,7468176,2018
資本金,48652,2018
資本剰余金,29140,2018
利益剰余金,363708,2018
自己株式,-17538,2018
株主資本合計,423963,2018
その他有価証券評価差額金,94695,2018
繰延ヘッジ損益,-122,2018
土地再評価差額金,13990,2018
為替換算調整勘定,165,2018
退職給付に係る調整累計額,-2663,2018
その他の包括利益累計額合計,106066,2018
新株予約権,460,2018
非支配株主持分,6123,2018
純資産の部合計,536613,2018
負債及び純資産の部合計,8004790,2018
企業名,The Gunma Bank,2018
経常収益,150386,2018
資金運用収益,84838,2018
貸出金利息,56082,2018
有価証券利息配当金,27768,2018
コールローン利息及び買入手形利息,17,2018
預け金利息,104,2018
その他の受入利息,866,2018
信託報酬,0,2018
役務取引等収益,21248,2018
その他業務収益,27621,2018
その他経常収益,16677,2018
償却債権取立益,19,2018
その他の経常収益,16658,2018
経常費用,107977,2018
資金調達費用,7594,2018
預金利息,1658,2018
譲渡性預金利息,487,2018
コールマネー利息及び売渡手形利息,118,2018
債券貸借取引支払利息,3270,2018
借用金利息,255,2018
社債利息,86,2018
その他の支払利息,1716,2018
役務取引等費用,7462,2018
その他業務費用,27817,2018
営業経費,60969,2018
その他経常費用,4133,2018
貸倒引当金繰入額,2320,2018
その他の経常費用,1812,2018
経常利益,42409,2018
特別利益,20,2018
固定資産処分益,20,2018
特別損失,1045,2018
固定資産処分損,370,2018
減損損失,674,2018
金融商品取引責任準備金繰入額,0,2018
税金等調整前当期純利益,41384,2018
法人税、住民税及び事業税,13069,2018
法人税等調整額,-440,2018
法人税等合計,12628,2018
当期純利益,28755,2018
非支配株主に帰属する当期純利益,389,2018
親会社株主に帰属する当期純利益,28366,2018
当期純利益,28755,2018
その他の包括利益,-10295,2018
その他有価証券評価差額金,-12649,2018
繰延ヘッジ損益,17,2018
為替換算調整勘定,-137,2018
退職給付に係る調整額,2332,2018
持分法適用会社に対する持分相当額,141,2018
包括利益,18460,2018
親会社株主に係る包括利益,18024,2018
非支配株主に係る包括利益,436,2018
企業名,The Gunma Bank,2018
税金等調整前当期純利益,41384,2018
減価償却費,6325,2018
減損損失,674,2018
持分法による投資損益（△は益）,-84,2018
貸倒引当金の増減（△）,-322,2018
役員賞与引当金の増減額（△は減少）,-6,2018
退職給付に係る資産の増減額（△は増加）,-435,2018
退職給付に係る負債の増減額（△は減少）,-911,2018
役員退職慰労引当金の増減額（△は減少）,-58,2018
睡眠預金払戻損失引当金の増減（△）,63,2018
ポイント引当金の増減額（△は減少）,-8,2018
偶発損失引当金の増減（△）,-68,2018
資金運用収益,-84838,2018
資金調達費用,7594,2018
有価証券関係損益（△）,-10868,2018
金銭の信託の運用損益（△は運用益）,-96,2018
為替差損益（△は益）,-628,2018
固定資産処分損益（△は益）,350,2018
商品有価証券の純増（△）減,643,2018
貸出金の純増（△）減,-292155,2018
預金の純増減（△）,172709,2018
譲渡性預金の純増減（△）,14388,2018
借用金（劣後特約付借入金を除く）の純増減（△）,16300,2018
預け金（日銀預け金を除く）の純増（△）減,2531,2018
コールローン等の純増（△）減,2781,2018
コールマネー等の純増減（△）,-12191,2018
債券貸借取引受入担保金の純増減（△）,-187059,2018
外国為替（資産）の純増（△）減,2271,2018
外国為替（負債）の純増減（△）,-221,2018
リース債権及びリース投資資産の純増（△）減,-3264,2018
信託勘定借の純増減（△）,13,2018
資金運用による収入,84893,2018
資金調達による支出,-7771,2018
その他,-5126,2018
小計,-253195,2018
法人税等の支払額,-13097,2018
営業活動によるキャッシュ・フロー,-266292,2018
有価証券の取得による支出,-388691,2018
有価証券の売却による収入,362685,2018
有価証券の償還による収入,336619,2018
金銭の信託の増加による支出,-2200,2018
有形固定資産の取得による支出,-3272,2018
無形固定資産の取得による支出,-4097,2018
有形固定資産の売却による収入,93,2018
投資活動によるキャッシュ・フロー,301136,2018
劣後特約付社債の発行による収入,10000,2018
自己株式の取得による支出,-3891,2018
自己株式の売却による収入,1061,2018
配当金の支払額,-5235,2018
非支配株主への配当金の支払額,-10,2018
財務活動によるキャッシュ・フロー,1924,2018
現金及び現金同等物に係る換算差額,-143,2018
現金及び現金同等物の増減額（△は減少）,36624,2018
現金及び現金同等物の期首残高,533429,2018
現金及び現金同等物の期末残高,570054,2018
企業名,The Gunma Bank,2018
現金預け金,539879,2017
コールローン及び買入手形,2243,2017
買入金銭債権,10891,2017
商品有価証券,1028,2017
金銭の信託,4429,2017
有価証券,2089768,2017
貸出金,5181288,2017
外国為替,6852,2017
リース債権及びリース投資資産,47126,2017
その他資産,48188,2017
有形固定資産,68655,2017
建物,17855,2017
土地,42766,2017
リース資産,931,2017
建設仮勘定,554,2017
その他の有形固定資産,6546,2017
無形固定資産,10094,2017
ソフトウエア,9485,2017
その他の無形固定資産,609,2017
退職給付に係る資産,335,2017
繰延税金資産,1459,2017
支払承諾見返,13376,2017
貸倒引当金,-39019,2017
資産の部合計,7986598,2017
預金,6489290,2017
譲渡性預金,163617,2017
コールマネー及び売渡手形,12259,2017
債券貸借取引受入担保金,329844,2017
借用金,326833,2017
外国為替,405,2017
社債,10000,2017
新株予約権付社債,22438,2017
その他負債,49467,2017
役員賞与引当金,57,2017
退職給付に係る負債,3207,2017
役員退職慰労引当金,518,2017
睡眠預金払戻損失引当金,1056,2017
ポイント引当金,132,2017
偶発損失引当金,991,2017
特別法上の引当金,0,2017
繰延税金負債,28840,2017
再評価に係る繰延税金負債,8081,2017
支払承諾,13376,2017
負債の部合計,7460416,2017
資本金,48652,2017
資本剰余金,29140,2017
利益剰余金,346848,2017
自己株式,-21276,2017
株主資本合計,403365,2017
その他有価証券評価差額金,107251,2017
繰延ヘッジ損益,-140,2017
土地再評価差額金,14287,2017
為替換算調整勘定,303,2017
退職給付に係る調整累計額,-4995,2017
その他の包括利益累計額合計,116704,2017
新株予約権,413,2017
非支配株主持分,5697,2017
純資産の部合計,526181,2017
負債及び純資産の部合計,7986598,2017
企業名,The Gunma Bank,2017
経常収益,144130,2017
資金運用収益,84716,2017
貸出金利息,56904,2017
有価証券利息配当金,26913,2017
コールローン利息及び買入手形利息,0,2017
預け金利息,106,2017
その他の受入利息,790,2017
役務取引等収益,18690,2017
その他業務収益,25562,2017
その他経常収益,15161,2017
償却債権取立益,9,2017
その他の経常収益,15152,2017
経常費用,107609,2017
資金調達費用,5786,2017
預金利息,1635,2017
譲渡性預金利息,146,2017
コールマネー利息及び売渡手形利息,357,2017
債券貸借取引支払利息,2292,2017
借用金利息,247,2017
社債利息,16,2017
その他の支払利息,1090,2017
役務取引等費用,7467,2017
その他業務費用,25880,2017
営業経費,61672,2017
その他経常費用,6802,2017
貸倒引当金繰入額,5395,2017
その他の経常費用,1407,2017
経常利益,36521,2017
特別損失,273,2017
固定資産処分損,211,2017
減損損失,62,2017
金融商品取引責任準備金繰入額,0,2017
税金等調整前当期純利益,36247,2017
法人税、住民税及び事業税,14344,2017
法人税等調整額,-4477,2017
法人税等合計,9867,2017
当期純利益,26380,2017
非支配株主に帰属する当期純利益,75,2017
親会社株主に帰属する当期純利益,26304,2017
当期純利益,26380,2017
その他の包括利益,1607,2017
その他有価証券評価差額金,-5495,2017
繰延ヘッジ損益,-6,2017
為替換算調整勘定,-160,2017
退職給付に係る調整額,7200,2017
持分法適用会社に対する持分相当額,69,2017
包括利益,27988,2017
親会社株主に係る包括利益,27844,2017
非支配株主に係る包括利益,143,2017
企業名,The Gunma Bank,2017
税金等調整前当期純利益,36247,2017
減価償却費,5876,2017
減損損失,62,2017
持分法による投資損益（△は益）,-35,2017
貸倒引当金の増減（△）,68,2017
役員賞与引当金の増減額（△は減少）,-5,2017
退職給付に係る資産の増減額（△は増加）,-335,2017
退職給付に係る負債の増減額（△は減少）,-14682,2017
役員退職慰労引当金の増減額（△は減少）,-53,2017
睡眠預金払戻損失引当金の増減（△）,-13,2017
ポイント引当金の増減額（△は減少）,-18,2017
偶発損失引当金の増減（△）,-17,2017
資金運用収益,-84716,2017
資金調達費用,5786,2017
有価証券関係損益（△）,-8936,2017
金銭の信託の運用損益（△は運用益）,24,2017
為替差損益（△は益）,-334,2017
固定資産処分損益（△は益）,211,2017
商品有価証券の純増（△）減,11,2017
貸出金の純増（△）減,-170870,2017
預金の純増減（△）,204454,2017
譲渡性預金の純増減（△）,27407,2017
借用金（劣後特約付借入金を除く）の純増減（△）,69068,2017
預け金（日銀預け金を除く）の純増（△）減,5041,2017
コールローン等の純増（△）減,-1570,2017
コールマネー等の純増減（△）,-17037,2017
債券貸借取引受入担保金の純増減（△）,59269,2017
外国為替（資産）の純増（△）減,-3655,2017
外国為替（負債）の純増減（△）,112,2017
リース債権及びリース投資資産の純増（△）減,-3227,2017
資金運用による収入,84480,2017
資金調達による支出,-5895,2017
その他,4904,2017
小計,191623,2017
法人税等の支払額,-14479,2017
営業活動によるキャッシュ・フロー,177143,2017
有価証券の取得による支出,-564597,2017
有価証券の売却による収入,280008,2017
有価証券の償還による収入,324477,2017
金銭の信託の減少による収入,500,2017
有形固定資産の取得による支出,-4359,2017
無形固定資産の取得による支出,-4161,2017
有形固定資産の売却による収入,0,2017
投資活動によるキャッシュ・フロー,31866,2017
劣後特約付社債の発行による収入,10000,2017
配当金の支払額,-5552,2017
非支配株主への配当金の支払額,-10,2017
自己株式の取得による支出,-4701,2017
自己株式の売却による収入,693,2017
財務活動によるキャッシュ・フロー,429,2017
現金及び現金同等物に係る換算差額,-161,2017
現金及び現金同等物の増減額（△は減少）,209277,2017
現金及び現金同等物の期首残高,324151,2017
現金及び現金同等物の期末残高,533429,2017
企業名,The Gunma Bank,2017
現金預け金,335643,2016
買入金銭債権,11564,2016
商品有価証券,1039,2016
金銭の信託,4967,2016
有価証券,2133238,2016
貸出金,5010417,2016
外国為替,3196,2016
リース債権及びリース投資資産,43898,2016
その他資産,32852,2016
有形固定資産,67732,2016
建物,17445,2016
土地,42673,2016
リース資産,998,2016
建設仮勘定,482,2016
その他の有形固定資産,6131,2016
無形固定資産,8623,2016
ソフトウエア,8013,2016
その他の無形固定資産,610,2016
繰延税金資産,1416,2016
支払承諾見返,15870,2016
貸倒引当金,-38951,2016
資産の部合計,7631510,2016
預金,6284836,2016
譲渡性預金,136209,2016
コールマネー及び売渡手形,29296,2016
債券貸借取引受入担保金,270574,2016
借用金,257764,2016
外国為替,292,2016
新株予約権付社債,22536,2016
その他負債,45002,2016
役員賞与引当金,62,2016
退職給付に係る負債,17890,2016
役員退職慰労引当金,571,2016
睡眠預金払戻損失引当金,1070,2016
ポイント引当金,151,2016
偶発損失引当金,1008,2016
繰延税金負債,32564,2016
再評価に係る繰延税金負債,8081,2016
支払承諾,15870,2016
負債の部合計,7123782,2016
資本金,48652,2016
資本剰余金,29140,2016
利益剰余金,326122,2016
自己株式,-17296,2016
株主資本合計,386619,2016
その他有価証券評価差額金,112745,2016
繰延ヘッジ損益,-134,2016
土地再評価差額金,14287,2016
為替換算調整勘定,463,2016
退職給付に係る調整累計額,-12196,2016
その他の包括利益累計額合計,115165,2016
新株予約権,377,2016
非支配株主持分,5564,2016
純資産の部合計,507727,2016
負債及び純資産の部合計,7631510,2016
企業名,The Gunma Bank,2016
経常収益,136220,2016
資金運用収益,85825,2016
貸出金利息,58786,2016
有価証券利息配当金,26007,2016
コールローン利息及び買入手形利息,117,2016
債券貸借取引受入利息,0,2016
預け金利息,137,2016
その他の受入利息,776,2016
役務取引等収益,18996,2016
その他業務収益,23753,2016
その他経常収益,7644,2016
貸倒引当金戻入益,1443,2016
償却債権取立益,2,2016
その他の経常収益,6198,2016
経常費用,92594,2016
資金調達費用,4513,2016
預金利息,2255,2016
譲渡性預金利息,180,2016
コールマネー利息及び売渡手形利息,387,2016
債券貸借取引支払利息,940,2016
借用金利息,282,2016
その他の支払利息,467,2016
役務取引等費用,7202,2016
その他業務費用,19974,2016
営業経費,57472,2016
その他経常費用,3432,2016
その他の経常費用,3432,2016
経常利益,43625,2016
特別利益,3,2016
固定資産処分益,3,2016
特別損失,351,2016
固定資産処分損,259,2016
減損損失,91,2016
税金等調整前当期純利益,43278,2016
法人税、住民税及び事業税,12096,2016
法人税等調整額,2039,2016
法人税等合計,14135,2016
当期純利益,29142,2016
非支配株主に帰属する当期純利益,526,2016
親会社株主に帰属する当期純利益,28616,2016
当期純利益,29142,2016
その他の包括利益,-34513,2016
その他有価証券評価差額金,-24096,2016
繰延ヘッジ損益,-125,2016
土地再評価差額金,423,2016
為替換算調整勘定,2,2016
退職給付に係る調整額,-10766,2016
持分法適用会社に対する持分相当額,49,2016
包括利益,-5370,2016
親会社株主に係る包括利益,-5887,2016
非支配株主に係る包括利益,516,2016
企業名,The Gunma Bank,2016
税金等調整前当期純利益,43278,2016
減価償却費,5943,2016
減損損失,91,2016
持分法による投資損益（△は益）,-100,2016
貸倒引当金の増減（△）,-5639,2016
役員賞与引当金の増減額（△は減少）,-5,2016
退職給付に係る資産の増減額（△は増加）,3,2016
退職給付に係る負債の増減額（△は減少）,16592,2016
役員退職慰労引当金の増減額（△は減少）,-68,2016
睡眠預金払戻損失引当金の増減（△）,12,2016
ポイント引当金の増減額（△は減少）,-0,2016
偶発損失引当金の増減（△）,-124,2016
資金運用収益,-85825,2016
資金調達費用,4513,2016
有価証券関係損益（△）,-2744,2016
金銭の信託の運用損益（△は運用益）,15,2016
為替差損益（△は益）,-305,2016
固定資産処分損益（△は益）,255,2016
商品有価証券の純増（△）減,35,2016
貸出金の純増（△）減,-203509,2016
預金の純増減（△）,172433,2016
譲渡性預金の純増減（△）,-6746,2016
借用金（劣後特約付借入金を除く）の純増減（△）,70116,2016
預け金（日銀預け金を除く）の純増（△）減,-8381,2016
コールローン等の純増（△）減,115707,2016
コールマネー等の純増減（△）,-140968,2016
債券貸借取引受入担保金の純増減（△）,7667,2016
外国為替（資産）の純増（△）減,1342,2016
外国為替（負債）の純増減（△）,51,2016
リース債権及びリース投資資産の純増（△）減,-2400,2016
資金運用による収入,85368,2016
資金調達による支出,-4393,2016
その他,-1135,2016
小計,61081,2016
法人税等の支払額,-11261,2016
営業活動によるキャッシュ・フロー,49820,2016
有価証券の取得による支出,-251243,2016
有価証券の売却による収入,126928,2016
有価証券の償還による収入,253258,2016
有形固定資産の取得による支出,-3582,2016
無形固定資産の取得による支出,-2462,2016
有形固定資産の売却による収入,124,2016
投資活動によるキャッシュ・フロー,123024,2016
配当金の支払額,-5403,2016
非支配株主への配当金の支払額,-10,2016
自己株式の取得による支出,-5532,2016
自己株式の売却による収入,452,2016
財務活動によるキャッシュ・フロー,-10493,2016
現金及び現金同等物に係る換算差額,-6,2016
現金及び現金同等物の増減額（△は減少）,162343,2016
現金及び現金同等物の期首残高,161807,2016
現金及び現金同等物の期末残高,324151,2016
企業名,The Gunma Bank,2016
現金預け金,164918,2015
コールローン及び買入手形,114604,2015
買入金銭債権,13491,2015
商品有価証券,1074,2015
金銭の信託,5000,2015
有価証券,2320706,2015
貸出金,4806908,2015
外国為替,4539,2015
リース債権及びリース投資資産,41498,2015
その他資産,29006,2015
有形固定資産,67545,2015
建物,15959,2015
土地,42803,2015
リース資産,1065,2015
建設仮勘定,1280,2015
その他の有形固定資産,6436,2015
無形固定資産,9007,2015
ソフトウエア,8392,2015
その他の無形固定資産,614,2015
退職給付に係る資産,3,2015
繰延税金資産,1672,2015
支払承諾見返,15561,2015
貸倒引当金,-44591,2015
資産の部合計,7550949,2015
預金,6112402,2015
譲渡性預金,142955,2015
コールマネー及び売渡手形,170265,2015
債券貸借取引受入担保金,262906,2015
借用金,187647,2015
外国為替,241,2015
新株予約権付社債,24034,2015
その他負債,47893,2015
役員賞与引当金,67,2015
退職給付に係る負債,1297,2015
役員退職慰労引当金,640,2015
睡眠預金払戻損失引当金,1057,2015
ポイント引当金,152,2015
偶発損失引当金,1133,2015
繰延税金負債,50606,2015
再評価に係る繰延税金負債,8551,2015
支払承諾,15561,2015
負債の部合計,7027413,2015
資本金,48652,2015
資本剰余金,29140,2015
利益剰余金,302852,2015
自己株式,-12251,2015
株主資本合計,368394,2015
その他有価証券評価差額金,136783,2015
繰延ヘッジ損益,-9,2015
土地再評価差額金,13960,2015
為替換算調整勘定,461,2015
退職給付に係る調整累計額,-1429,2015
その他の包括利益累計額合計,149766,2015
新株予約権,316,2015
少数株主持分,5058,2015
純資産の部合計,523535,2015
負債及び純資産の部合計,7550949,2015
企業名,The Gunma Bank,2015
経常収益,130267,2015
資金運用収益,85387,2015
貸出金利息,59774,2015
有価証券利息配当金,24324,2015
コールローン利息及び買入手形利息,494,2015
債券貸借取引受入利息,0,2015
預け金利息,48,2015
その他の受入利息,745,2015
役務取引等収益,18910,2015
その他業務収益,21819,2015
その他経常収益,4149,2015
償却債権取立益,17,2015
その他の経常収益,4132,2015
経常費用,91194,2015
資金調達費用,3714,2015
預金利息,2157,2015
譲渡性預金利息,104,2015
コールマネー利息及び売渡手形利息,184,2015
債券貸借取引支払利息,427,2015
借用金利息,235,2015
その他の支払利息,605,2015
役務取引等費用,6632,2015
その他業務費用,18263,2015
営業経費,59079,2015
その他経常費用,3504,2015
貸倒引当金繰入額,1455,2015
その他の経常費用,2048,2015
経常利益,39072,2015
特別利益,2385,2015
負ののれん発生益,2385,2015
特別損失,457,2015
固定資産処分損,425,2015
減損損失,32,2015
税金等調整前当期純利益,40999,2015
法人税、住民税及び事業税,11581,2015
法人税等調整額,2088,2015
法人税等合計,13670,2015
少数株主損益調整前当期純利益,27329,2015
少数株主利益,1418,2015
当期純利益,25910,2015
少数株主損益調整前当期純利益,27329,2015
その他の包括利益,52056,2015
その他有価証券評価差額金,47763,2015
繰延ヘッジ損益,60,2015
土地再評価差額金,879,2015
為替換算調整勘定,587,2015
退職給付に係る調整額,2631,2015
持分法適用会社に対する持分相当額,133,2015
包括利益,79386,2015
親会社株主に係る包括利益,77937,2015
少数株主に係る包括利益,1448,2015
企業名,The Gunma Bank,2015
税金等調整前当期純利益,40999,2015
減価償却費,5467,2015
減損損失,32,2015
負ののれん発生益,-2385,2015
持分法による投資損益（△は益）,-86,2015
貸倒引当金の増減（△）,-7405,2015
役員賞与引当金の増減額（△は減少）,9,2015
退職給付に係る資産の増減額（△は増加）,6801,2015
退職給付に係る負債の増減額（△は減少）,-1218,2015
役員退職慰労引当金の増減額（△は減少）,-69,2015
睡眠預金払戻損失引当金の増減額（△は減少）,27,2015
ポイント引当金の増減額（△は減少）,11,2015
偶発損失引当金の増減（△）,-63,2015
資金運用収益,-85387,2015
資金調達費用,3714,2015
有価証券関係損益（△）,-2160,2015
金銭の信託の運用損益（△は益）,-395,2015
為替差損益（△は益）,46,2015
固定資産処分損益（△は益）,425,2015
商品有価証券の純増（△）減,1674,2015
貸出金の純増（△）減,-254505,2015
預金の純増減（△）,134621,2015
譲渡性預金の純増減（△）,28706,2015
借用金（劣後特約付借入金を除く）の純増減（△）,7529,2015
預け金（日銀預け金を除く）の純増（△）減,12869,2015
コールローン等の純増（△）減,-19213,2015
コールマネー等の純増減（△）,109772,2015
債券貸借取引受入担保金の純増減（△）,38161,2015
外国為替（資産）の純増（△）減,-455,2015
外国為替（負債）の純増減（△）,-12,2015
リース債権及びリース投資資産の純増（△）減,-2108,2015
資金運用による収入,84920,2015
資金調達による支出,-3882,2015
その他,-48618,2015
小計,47824,2015
法人税等の支払額,-13058,2015
営業活動によるキャッシュ・フロー,34765,2015
有価証券の取得による支出,-296575,2015
有価証券の売却による収入,140903,2015
有価証券の償還による収入,171108,2015
有形固定資産の取得による支出,-3544,2015
無形固定資産の取得による支出,-2507,2015
投資活動によるキャッシュ・フロー,9386,2015
新株予約権付社債の発行による収入,21416,2015
配当金の支払額,-4416,2015
少数株主への配当金の支払額,-10,2015
自己株式の取得による支出,-9567,2015
自己株式の売却による収入,507,2015
財務活動によるキャッシュ・フロー,7928,2015
現金及び現金同等物に係る換算差額,609,2015
現金及び現金同等物の増減額（△は減少）,52689,2015
現金及び現金同等物の期首残高,109118,2015
現金及び現金同等物の期末残高,161807,2015
