企業名,株式会社ＩＨＩ,IHI Corporation,,,企業名,株式会社ＩＨＩ,IHI Corporation,,,企業名,株式会社ＩＨＩ,IHI Corporation,,,企業名,株式会社ＩＨＩ,IHI Corporation,,,企業名,株式会社ＩＨＩ,IHI Corporation,,,企業名,株式会社ＩＨＩ,IHI Corporation,,,企業名,株式会社ＩＨＩ,IHI Corporation,,,企業名,株式会社ＩＨＩ,IHI Corporation,,,企業名,株式会社ＩＨＩ,IHI Corporation,,,企業名,株式会社ＩＨＩ,IHI Corporation,,,企業名,株式会社ＩＨＩ,IHI Corporation,,,企業名,株式会社ＩＨＩ,IHI Corporation,,,企業名,ＩＨＩ,,,,企業名,ＩＨＩ,,,,企業名,ＩＨＩ,,,,企業名,株式会社ＩＨＩ,IHI Corporation,,,企業名,株式会社ＩＨＩ,IHI Corporation,,,企業名,株式会社ＩＨＩ,IHI Corporation
証券ｺｰﾄﾞ,7013,,,,証券ｺｰﾄﾞ,7013,,,,証券ｺｰﾄﾞ,7013,,,,証券ｺｰﾄﾞ,7013,,,,証券ｺｰﾄﾞ,7013,,,,証券ｺｰﾄﾞ,7013,,,,証券ｺｰﾄﾞ,7013,,,,証券ｺｰﾄﾞ,7013,,,,証券ｺｰﾄﾞ,7013,,,,証券ｺｰﾄﾞ,7013,,,,証券ｺｰﾄﾞ,7013,,,,証券ｺｰﾄﾞ,7013,,,,証券ｺｰﾄﾞ,7013,,,,証券ｺｰﾄﾞ,7013,,,,証券ｺｰﾄﾞ,7013,,,,証券ｺｰﾄﾞ,7013,,,,証券ｺｰﾄﾞ,7013,,,,証券ｺｰﾄﾞ,7013
表名称,連結貸借対照表,,,,表名称,連結損益（及び包括利益）計算書,,,,表名称,連結キャッシュ・フロー計算書,,,,表名称,連結貸借対照表,,,,表名称,連結損益（及び包括利益）計算書,,,,表名称,連結キャッシュ・フロー計算書,,,,表名称,連結貸借対照表,,,,表名称,連結損益（及び包括利益）計算書,,,,表名称,連結キャッシュ・フロー計算書,,,,表名称,連結貸借対照表,,,,表名称,連結損益（及び包括利益）計算書,,,,表名称,連結キャッシュ・フロー計算書,,,,表名称,連結貸借対照表,,,,表名称,連結損益（及び包括利益）計算書,,,,表名称,連結キャッシュ・フロー計算書,,,,表名称,連結貸借対照表,,,,表名称,連結損益（及び包括利益）計算書,,,,表名称,連結キャッシュ・フロー計算書
,,,,,,,,,,,,,,,,,,,,,,,,,,,,,,,,,,,,,,,,,,,,,,,,,,,,,,,,,,,,,,,,,,,,,,,,,,,,,,,,,,,,,
,,,,,,,,,,,,,,,,,,,,,,,,,,,,,,,,,,,,,,,,,,,,,,,,,,,,,,,,,,,,,,,,,,,,,,,,,,,,,,,,,,,,,
,,,,,,,,,,,,,,,,,,,,,,,,,,,,,,,,,,,,,,,,,,,,,,,,,,,,,,,,,,,,,,,,,,,,,,,,,,,,,,,,,,,,,
（百万円）,,,,,（百万円）,,,,,（百万円）,,,,,（百万円）,,,,,（百万円）,,,,,（百万円）,,,,,（百万円）,,,,,（百万円）,,,,,（百万円）,,,,,（百万円）,,,,,（百万円）,,,,,（百万円）,,,,,（百万円）,,,,,（百万円）,,,,,（百万円）,,,,,（百万円）,,,,,（百万円）,,,,,（百万円）
2025/03/31現在,,,,,2024/04/01-2025/03/31,,,,,2024/04/01-2025/03/31,,,,,2024/03/31現在,,,,,2023/04/01-2024/03/31,,,,,2023/04/01-2024/03/31,,,,,2023/03/31現在,,,,,2022/04/01-2023/03/31,,,,,2022/04/01-2023/03/31,,,,,2022/03/31現在,,,,,2021/04/01-2022/03/31,,,,,2021/04/01-2022/03/31,,,,,2021/03/31現在,,,,,2020/04/01-2021/03/31,,,,,2020/04/01-2021/03/31,,,,,2020/03/31現在,,,,,2019/04/01-2020/03/31,,,,,2019/04/01-2020/03/31
連結財政状態計算書,Consolidated statement of financial position,,,,連結損益計算書,Consolidated statement of profit or loss,,,,連結キャッシュ・フロー計算書,Consolidated statement of cash flows,,,,連結財政状態計算書,Consolidated statement of financial position,,,,連結損益計算書,Consolidated statement of profit or loss,,,,連結キャッシュ・フロー計算書,Consolidated statement of cash flows,,,,連結財政状態計算書,Consolidated statement of financial position,,,,連結損益計算書,Consolidated statement of profit or loss,,,,連結キャッシュ・フロー計算書,Consolidated statement of cash flows,,,,連結財政状態計算書,Consolidated statement of financial position,,,,連結損益計算書,Consolidated statement of profit or loss,,,,連結キャッシュ・フロー計算書,Consolidated statement of cash flows,,,,連結貸借対照表,,,,,連結損益（及び包括利益）計算書,,,,,連結キャッシュ・フロー計算書,,,,,連結貸借対照表,Consolidated balance sheet,,,,連結損益計算書,Consolidated statement of income,,,,連結キャッシュ・フロー計算書,Consolidated statement of cash flows,,
 資産, Assets,,,, 売上収益, Revenue,1626831,,, 営業活動によるキャッシュ・フロー, Cash flows from operating activities,,,, 資産, Assets,,,, 売上収益, Revenue,1322591,,, 営業活動によるキャッシュ・フロー, Cash flows from operating activities,,,, 資産, Assets,,,, 売上収益, Revenue,1352940,,, 営業活動によるキャッシュ・フロー, Cash flows from operating activities,,,, 資産, Assets,,,, 売上収益, Revenue,1172904,,, 営業活動によるキャッシュ・フロー, Cash flows from operating activities,,,,資産,,,,,売上収益,,1112906,,,営業活動によるキャッシュ・フロー,,,,, 資産の部, Assets,,,, 売上高, Net sales,1386503,,, 営業活動によるキャッシュ・フロー, Cash flows from operating activities,,
  流動資産,  Current assets,,,, 売上原価, Cost of sales,1252317,,,  税引前当期利益又は税引前当期損失（△）,  Profit (loss) before tax,138488,,,  流動資産,  Current assets,,,, 売上原価, Cost of sales,1177736,,,  税引前当期利益又は税引前当期損失（△）,  Profit (loss) before tax,-72280,,,  流動資産,  Current assets,,,, 売上原価, Cost of sales,1070935,,,  税引前利益,  Profit before tax,64865,,,  流動資産,  Current assets,,,, 売上原価, Cost of sales,963497,,,  税引前利益,  Profit before tax,87637,,,流動資産,,,,,売上原価,,932932,,,税引前利益,,27617,,,  流動資産,  Current assets,,,, 売上原価, Cost of sales,1131775,,,  税金等調整前当期純利益,  Profit before income taxes,38779,
   現金及び現金同等物,   Cash and cash equivalents,136809,,, 売上総利益, Gross profit,374514,,,  減価償却費、償却費及び減損損失,  Depreciation. amortization and impairment loss,76765,,,   現金及び現金同等物,   Cash and cash equivalents,138805,,, 売上総利益, Gross profit,144855,,,  減価償却費，償却費及び減損損失,  Depreciation. amortization and impairment loss,75828,,,   現金及び現金同等物,   Cash and cash equivalents,124749,,, 売上総利益, Gross profit,282005,,,  減価償却費，償却費及び減損損失,  Depreciation. amortization and impairment loss,70934,,,   現金及び現金同等物,   Cash and cash equivalents,145489,,, 売上総利益, Gross profit,209407,,,  減価償却費，償却費及び減損損失,  Depreciation. amortization and impairment loss,84193,,,現金及び現金同等物,,120766,,,売上総利益,,179974,,,減価償却費，償却費及び減損損失,,80185,,,   現金及び預金,   Cash and deposits,147228,,, 売上総利益, Gross profit,254728,,,  減価償却費,  Depreciation,57659,
   営業債権及びその他の債権,   Trade and other receivables,506718,,, 販売費及び一般管理費, Selling. general and administrative expenses,223638,,,  金融収益及び金融費用,  Finance income and finance costs,2366,,,   営業債権及びその他の債権,   Trade and other receivables,452665,,, 販売費及び一般管理費, Selling. general and administrative expenses,212837,,,  金融収益及び金融費用,  Finance income and finance costs,1506,,,   営業債権及びその他の債権,   Trade and other receivables,378446,,, 販売費及び一般管理費, Selling. general and administrative expenses,201158,,,  金融収益及び金融費用,  Finance income and finance costs,3319,,,   営業債権及びその他の債権,   Trade and other receivables,347998,,, 販売費及び一般管理費, Selling. general and administrative expenses,176600,,,  金融収益及び金融費用,  Finance income and finance costs,2391,,,営業債権及びその他の債権,,344535,,,販売費及び一般管理費,,164225,,,金融収益及び金融費用,,3442,,,   受取手形及び売掛金,   Notes and accounts receivable - trade,403832,,, 販売費及び一般管理費, Selling. general and administrative expenses,193931,,,  その他の償却額,  Depreciation and amortization on other,7497,
   契約資産,   Contract assets,113959,,, その他の収益, Other income,16623,,,  持分法による投資損益（△は益）,  Share of loss (profit) of investments accounted for using equity method,-6280,,,   契約資産,   Contract assets,130734,,, その他の収益, Other income,10206,,,  持分法による投資損益（△は益）,  Share of loss (profit) of investments accounted for using equity method,-774,,,   契約資産,   Contract assets,144740,,, その他の収益, Other income,11805,,,  持分法による投資損益（△は益）,  Share of loss (profit) of investments accounted for using equity method,8374,,,   契約資産,   Contract assets,126560,,, その他の収益, Other income,71452,,,  持分法による投資損益（△は益）,  Share of loss (profit) of investments accounted for using equity method,-1187,,,契約資産,,111830,,,その他の収益,,29697,,,持分法による投資損益（△は益）,,1933,,,   有価証券,   Securities,21,,, 営業利益, Operating profit,60797,,,  減損損失,  Impairment loss,426,
   その他の金融資産,   Other financial assets,3989,,, その他の費用, Other expenses,23982,,,  有形固定資産、無形資産及び投資不動産売却損益（△は益）,  Loss(gain) on sale of property. plant and equipment. and intangible assets and investment property,-10544,,,   その他の金融資産,   Other financial assets,3754,,, その他の費用, Other expenses,12362,,,  有形固定資産，無形資産及び投資不動産売却損益（△は益）,  Loss(gain) on sale of property. plant and equipment. and intangible assets and investment property,-6944,,,   その他の金融資産,   Other financial assets,4368,,, その他の費用, Other expenses,10667,,,  有形固定資産，無形資産及び投資不動産売却損益（△は益）,  Loss(gain) on sale of property. plant and equipment. and intangible assets and investment property,-5468,,,   その他の金融資産,   Other financial assets,3193,,, その他の費用, Other expenses,22762,,,  有形固定資産，無形資産及び投資不動産売却損益（△は益）,  Loss(gain) on sale of property. plant and equipment. and intangible assets and investment property,-66051,,,その他の金融資産,,1391,,,その他の費用,,17485,,,有形固定資産，無形資産及び投資不動産売却損益（△は益）,,-26312,,,   製品,   Finished goods,18417,,, 営業外収益, Non-operating income,,,,  貸倒引当金の増減額（△は減少）,  Increase (decrease) in allowance for doubtful accounts,-102,
   棚卸資産,   Inventories,444066,,, 営業利益又は営業損失（△）, Operating profit (loss),143517,,,  営業債権の増減額（△は増加）,  Decrease (increase) in trade receivables,-66268,,,   棚卸資産,   Inventories,422251,,, 営業利益又は営業損失（△）, Operating profit (loss),-70138,,,  営業債権の増減額（△は増加）,  Decrease (increase) in trade receivables,-79835,,,   棚卸資産,   Inventories,374523,,, 営業利益, Operating profit,81985,,,  営業債権の増減額（△は増加）,  Decrease (increase) in trade receivables,-23896,,,   棚卸資産,   Inventories,340125,,, 営業利益, Operating profit,81497,,,  営業債権の増減額（△は増加）,  Decrease (increase) in trade receivables,-2521,,,棚卸資産,,326470,,,営業利益,,27961,,,営業債権の増減額（△は増加）,,-3076,,,   仕掛品,   Work in process,289277,,,  受取利息,  Interest income,703,,,  賞与引当金の増減額（△は減少）,  Increase (decrease) in provision for bonuses,-1265,
   その他の流動資産,   Other current assets,73296,,, 金融収益, Finance income,3725,,,  契約資産の増減額（△は増加）,  Decrease (increase) in contract assets,13208,,,   その他の流動資産,   Other current assets,62499,,, 金融収益, Finance income,4899,,,  契約資産の増減額（△は増加）,  Decrease (increase) in contract assets,16712,,,   その他の流動資産,   Other current assets,58918,,, 金融収益, Finance income,2431,,,  契約資産の増減額（△は増加）,  Decrease (increase) in contract assets,-14821,,,   その他の流動資産,   Other current assets,60627,,, 金融収益, Finance income,9577,,,  契約資産の増減額（△は増加）,  Decrease (increase) in contract assets,-11480,,,その他の流動資産,,41668,,,金融収益,,6696,,,契約資産の増減額（△は増加）,,-9178,,,   原材料及び貯蔵品,   Raw materials and supplies,137848,,,  受取配当金,  Dividend income,1168,,,  保証工事引当金の増減額（△は減少）,  Increase (decrease) in provision for construction warranties,-4913,
   小計,   Subtotal,1278837,,, 金融費用, Finance costs,15034,,,  棚卸資産及び前払金の増減額（△は増加）,  Decrease (increase) in inventories and prepayments,-21005,,,   流動資産合計,   Total current assets,1210708,,, 金融費用, Finance costs,7815,,,  棚卸資産及び前払金の増減額（△は増加）,  Decrease (increase) in inventories and prepayments,-44815,,,   流動資産合計,   Total current assets,1085744,,, 金融費用, Finance costs,11177,,,  棚卸資産及び前払金の増減額（△は増加）,  Decrease (increase) in inventories and prepayments,-33708,,,   流動資産合計,   Total current assets,1023992,,, 金融費用, Finance costs,4624,,,  棚卸資産及び前払金の増減額（△は増加）,  Decrease (increase) in inventories and prepayments,-15320,,,流動資産合計,,946660,,,金融費用,,5107,,,棚卸資産及び前払金の増減額（△は増加）,,4136,,,   その他,   Other,83410,,,  持分法による投資利益,  Share of profit of entities accounted for using equity method,,,,  受注工事損失引当金の増減額（△は減少）,  Increase (decrease) in provision for loss on construction contracts,-1162,
   売却目的保有に分類された処分グループに係る資産,   Assets related to disposal groups classified as held for sale,23426,,, 持分法による投資損益（△は損失）, Share of profit (loss) of investments accounted for using equity method,6280,,,  営業債務の増減額（△は減少）,  Increase (decrease) in trade payables,18159,,,  非流動資産,  Non-current assets,,,, 持分法による投資損益（△は損失）, Share of profit (loss) of investments accounted for using equity method,774,,,  営業債務の増減額（△は減少）,  Increase (decrease) in trade payables,6406,,,  非流動資産,  Non-current assets,,,, 持分法による投資損益（△は損失）, Share of profit (loss) of investments accounted for using equity method,-8374,,,  営業債務の増減額（△は減少）,  Increase (decrease) in trade payables,5002,,,  非流動資産,  Non-current assets,,,, 持分法による投資損益（△は損失）, Share of profit (loss) of investments accounted for using equity method,1187,,,  営業債務の増減額（△は減少）,  Increase (decrease) in trade payables,-5082,,,非流動資産,,,,,持分法による投資損益（△は損失）,,-1933,,,営業債務の増減額（△は減少）,,-42277,,,   貸倒引当金,   Allowance for doubtful accounts,-4024,,,  為替差益,  Foreign exchange gains,,,,  退職給付に係る負債の増減額（△は減少）,  Increase (decrease) in retirement benefit liability,2447,
   流動資産合計,   Total current assets,1302263,,, 税引前当期利益又は税引前当期損失（△）, Profit (loss) before tax,138488,,,  契約負債の増減額（△は減少）,  Increase (decrease) in contract liabilities,55049,,,   有形固定資産,   Property. plant and equipment,236777,,, 税引前当期利益又は税引前当期損失（△）, Profit (loss) before tax,-72280,,,  契約負債の増減額（△は減少）,  Increase (decrease) in contract liabilities,2378,,,   有形固定資産,   Property. plant and equipment,225032,,, 税引前利益, Profit before tax,64865,,,  契約負債の増減額（△は減少）,  Increase (decrease) in contract liabilities,-14843,,,   有形固定資産,   Property. plant and equipment,230306,,, 税引前利益, Profit before tax,87637,,,  契約負債の増減額（△は減少）,  Increase (decrease) in contract liabilities,47026,,,有形固定資産,,252510,,,税引前利益,,27617,,,契約負債の増減額（△は減少）,,16641,,,   流動資産合計,   Total current assets,1076009,,,  損害賠償金に係る未払費用の取崩益,  Reversal of accrued expenses for compensation for damage,1340,,,  受取利息及び受取配当金,  Interest and dividend income,-1871,
  非流動資産,  Non-current assets,,,, 法人所得税費用, Income tax expense,21193,,,  返金負債の増減額（△は減少）,  Increase (decrease) in refund liabilities,-39677,,,   使用権資産,   Right-of-use assets,101904,,, 法人所得税費用, Income tax expense,-7430,,,  返金負債の増減額（△は減少）,  Increase (decrease) in refund liabilities,154037,,,   使用権資産,   Right-of-use assets,102432,,, 法人所得税費用, Income tax expense,16485,,,  貸倒引当金の増減額（△は減少）,  Increase (decrease) in allowance for doubtful accounts,7118,,,   使用権資産,   Right-of-use assets,109034,,, 法人所得税費用, Income tax expense,18718,,,  その他,  Other,2970,,,使用権資産,,117794,,,法人所得税費用,,10663,,,その他,,-1427,,,  固定資産,  Non-current assets,,,,  その他の営業外収益,  Other income,3334,,,  支払利息,  Interest expenses,3963,
   有形固定資産,   Property. plant and equipment,241970,,, 当期利益又は当期損失（△）, Profit (loss),117295,,,  貸倒引当金の増減額（△は減少）,  Increase (decrease) in allowance for doubtful accounts,6334,,,   のれん,   Goodwill,6338,,, 当期利益又は当期損失（△）, Profit (loss),-64850,,,  貸倒引当金の増減額（△は減少）,  Increase (decrease) in allowance for doubtful accounts,7892,,,   のれん,   Goodwill,6486,,, 当期利益, Profit,48380,,,  その他,  Other,26902,,,   のれん,   Goodwill,6094,,, 当期利益, Profit,68919,,,  小計,  Subtotal,122576,,,のれん,,5876,,,当期利益,,16954,,,小計,,51684,,,   有形固定資産,   Property. plant and equipment,,,,  営業外収益合計,  Total non-operating income,6545,,,  為替差損益（△は益）,  Foreign exchange losses (gains),-244,
   使用権資産,   Right-of-use assets,102766,,, 当期利益又は当期損失（△）の帰属, Profit (loss) attributable to,,,,  その他,  Other,16733,,,   無形資産,   Intangible assets,127059,,, 当期利益又は当期損失（△）の帰属, Profit (loss) attributable to,,,,  その他,  Other,22384,,,   無形資産,   Intangible assets,123736,,, 当期利益の帰属, Profit attributable to,,,,  小計,  Subtotal,93778,,,   無形資産,   Intangible assets,120998,,, 当期利益の帰属, Profit attributable to,,,,  利息の受取額,  Interest received,396,,,無形資産,,121265,,,当期利益の帰属,,,,,利息の受取額,,382,,,    建物及び構築物（純額）,    Buildings and structures. net,154217,,, 営業外費用, Non-operating expenses,,,,  有価証券及び投資有価証券売却損益（△は益）,  Loss (gain) on sales of short-term and long-term investment securities,722,
   のれん,   Goodwill,6276,,,  親会社の所有者,  Owners of parent,112740,,,  小計,  Subtotal,183328,,,   投資不動産,   Investment property,134724,,,  親会社の所有者,  Owners of parent,-68214,,,  小計,  Subtotal,82495,,,   投資不動産,   Investment property,142550,,,  親会社の所有者,  Owners of parent,44545,,,  利息の受取額,  Interest received,867,,,   投資不動産,   Investment property,137679,,,  親会社の所有者,  Owners of parent,66065,,,  配当金の受取額,  Dividends received,2153,,,投資不動産,,144183,,,親会社の所有者,,13093,,,配当金の受取額,,4699,,,    機械装置及び運搬具（純額）,    Machinery. equipment and vehicles. net,76183,,,  支払利息,  Interest expenses,3963,,,  有価証券及び投資有価証券評価損益（△は益）,  Loss (gain) on valuation of short-term and long-term investment securities,5544,
   無形資産,   Intangible assets,132056,,,  非支配持分,  Non-controlling interests,4555,,,  利息の受取額,  Interest received,2567,,,   持分法で会計処理されている投資,   Investments accounted for using equity method,61873,,,  非支配持分,  Non-controlling interests,3364,,,  利息の受取額,  Interest received,2268,,,   持分法で会計処理されている投資,   Investments accounted for using equity method,56578,,,  非支配持分,  Non-controlling interests,3835,,,  配当金の受取額,  Dividends received,1205,,,   持分法で会計処理されている投資,   Investments accounted for using equity method,56732,,,  非支配持分,  Non-controlling interests,2854,,,  利息の支払額,  Interest paid,-3615,,,持分法で会計処理されている投資,,48460,,,非支配持分,,3861,,,利息の支払額,,-4004,,,    土地,    Land,96579,,,  持分法による投資損失,  Share of loss of entities accounted for using equity method,12991,,,  持分法による投資損益（△は益）,  Share of loss (profit) of entities accounted for using equity method,12991,
   投資不動産,   Investment property,143838,,,  当期利益又は当期損失（△）,  Profit (loss),117295,,,  配当金の受取額,  Dividends received,1423,,,   その他の金融資産,   Other financial assets,50799,,,  当期利益又は当期損失（△）,  Profit (loss),-64850,,,  配当金の受取額,  Dividends received,1317,,,   その他の金融資産,   Other financial assets,43042,,,  当期利益,  Profit,48380,,,  利息の支払額,  Interest paid,-3858,,,   その他の金融資産,   Other financial assets,43167,,,  当期利益,  Profit,68919,,,  法人所得税の支払額,  Income taxes paid,-7355,,,その他の金融資産,,49056,,,当期利益,,16954,,,保険金の受取額,,-,,,    リース資産（純額）,    Leased assets. net,26288,,,  為替差損,  Foreign exchange losses,2083,,,  固定資産売廃却損益（△は益）,  Loss on disposal of property . plant and equipment,-2734,
   持分法で会計処理されている投資,   Investments accounted for using equity method,72719,,, １株当たり当期利益又は１株当たり当期損失（△）, Earnings (loss) per share,,,,  利息の支払額,  Interest paid,-6208,,,   繰延税金資産,   Deferred tax assets,98173,,, １株当たり当期利益又は１株当たり当期損失（△）, Earnings (loss) per share,,,,  利息の支払額,  Interest paid,-4926,,,   繰延税金資産,   Deferred tax assets,82280,,, １株当たり当期利益, Earnings per share,,,,  法人所得税の支払額,  Income taxes paid,-37876,,,   繰延税金資産,   Deferred tax assets,78428,,, １株当たり当期利益, Earnings per share,,,,  営業活動によるキャッシュ・フロー,  Net cash provided by (used in) operating activities,114155,,,繰延税金資産,,70455,,,（円）,,,,,法人所得税の支払額,,-16381,,,    建設仮勘定,    Construction in progress,11706,,,  ＳＰＢタンク建造遅延に伴う損害分担金,  Burden share of losses for delayed construction of SPB tanks,,,,  知的財産権譲渡損益（△は益）,  Loss (gain) on transfer of intellectual property rights,-3837,
   その他の金融資産,   Other financial assets,51509,,,  基本的１株当たり当期利益又は当期損失（△）,  Basic earnings (loss) per share,744.84,,,  法人所得税の支払額,  Income taxes paid,-3476,,,   その他の非流動資産,   Other non-current assets,69455,,,  基本的１株当たり当期利益又は当期損失（△）,  Basic earnings (loss) per share,-450.78,,,  法人所得税の支払額,  Income taxes paid,-19037,,,   その他の非流動資産,   Other non-current assets,74084,,,  基本的１株当たり当期利益,  Basic earnings per share,294.48,,,  営業活動によるキャッシュ・フロー,  Net cash provided by (used in) operating activities,54116,,,   その他の非流動資産,   Other non-current assets,73243,,,  基本的１株当たり当期利益,  Basic earnings per share,439.77,,, 投資活動によるキャッシュ・フロー, Cash flows from investing activities,,,,その他の非流動資産,,76632,,,１株当たり当期利益,,,,,営業活動によるキャッシュ・フロー,,36380,,,    その他（純額）,    Other. net,32522,,,  その他の営業外費用,  Other expenses,16054,,,  事業譲渡損益（△は益）,  Loss (gain) on sale of businesses,,
   繰延税金資産,   Deferred tax assets,119535,,,  希薄化後１株当たり当期利益又は当期損失（△）,  Diluted earnings (loss) per share,744.77,,,  営業活動によるキャッシュ・フロー,  Net cash provided by (used in) operating activities,177634,,,   非流動資産合計,   Total non-current assets,887102,,,  希薄化後１株当たり当期利益又は当期損失（△）,  Diluted earnings (loss) per share,-450.78,,,  営業活動によるキャッシュ・フロー,  Net cash provided by (used in) operating activities,62117,,,   非流動資産合計,   Total non-current assets,856220,,,  希薄化後１株当たり当期利益,  Diluted earnings per share,294.44,,, 投資活動によるキャッシュ・フロー, Cash flows from investing activities,,,,   非流動資産合計,   Total non-current assets,855681,,,  希薄化後１株当たり当期利益,  Diluted earnings per share,439.73,,,  有形固定資産，無形資産及び投資不動産の取得による支出,  Purchase of property. plant and equipment. and intangible assets and investment property,-45574,,,非流動資産合計,,886231,,,基本的１株当たり当期利益,,88.13,,,投資活動によるキャッシュ・フロー,,,,,    有形固定資産合計,    Total property. plant and equipment,397495,,,  営業外費用合計,  Total non-operating expenses,35091,,,  関係会社株式売却損益（△は益）,  Loss (gain) on sales of shares of subsidiaries and associates,-236,
   その他の非流動資産,   Other non-current assets,67460,,, 当期利益又は当期損失（△）, Profit (loss),117295,,, 投資活動によるキャッシュ・フロー, Cash flows from investing activities,,,,  資産合計,  Total assets,2097810,,, 当期利益又は当期損失（△）, Profit (loss),-64850,,, 投資活動によるキャッシュ・フロー, Cash flows from investing activities,,,,  資産合計,  Total assets,1941964,,, 当期利益, Profit,48380,,,  有形固定資産，無形資産及び投資不動産の取得による支出,  Purchase of property. plant and equipment. and intangible assets and investment property,-62577,,,  資産合計,  Total assets,1879673,,, 当期利益, Profit,68919,,,  有形固定資産，無形資産及び投資不動産の売却による収入,  Proceeds from sales of property. plant and equipment. and intangible assets and investment property,73229,,,資産合計,,1832891,,,希薄化後１株当たり当期利益,,88.13,,,有形固定資産，無形資産及び投資不動産の取得による支出,,-57458,,,   無形固定資産,   Intangible assets,,,, 経常利益, Ordinary profit,32251,,,  関係会社出資持分譲渡損益（△は益）,  Loss (gain) on transfer of equity interest of subsidiaries and associates,-2200,
   非流動資産合計,   Total non-current assets,938129,,, その他の包括利益, Other comprehensive income,,,,  有形固定資産、無形資産及び投資不動産の取得による支出,  Purchase of property. plant and equipment. and intangible assets and investment property,-60249,,, 負債及び資本, Liabilities and equity,,,, その他の包括利益, Other comprehensive income,,,,  有形固定資産，無形資産及び投資不動産の取得による支出,  Purchase of property. plant and equipment. and intangible assets and investment property,-60993,,, 負債及び資本, Liabilities and equity,,,, その他の包括利益, Other comprehensive income,,,,  有形固定資産，無形資産及び投資不動産の売却による収入,  Proceeds from sales of property. plant and equipment. and intangible assets and investment property,7373,,, 負債及び資本, Liabilities and equity,,,, その他の包括利益, Other comprehensive income,,,,  投資（持分法で会計処理されている投資を含む）の取得による支出,  Purchase of investments (including investments accounted for using equity method),-3124,,,負債及び資本,,,,,（百万円）,,,,,有形固定資産，無形資産及び投資不動産の売却による収入,,33162,,,    のれん,    Goodwill,7456,,, 特別利益, Extraordinary income,,,,  保険差益,  Gain on insurance claims,-1108,
  資産合計,  Total assets,2240392,,,  純損益に振り替えられることのない項目,  Items that will not be reclassified to profit or loss,,,,  有形固定資産、無形資産及び投資不動産の売却による収入,  Proceeds from sales of property. plant and equipment. and intangible assets and investment property,10915,,,  負債,  Liabilities,,,,  純損益に振り替えられることのない項目,  Items that will not be reclassified to profit or loss,,,,  有形固定資産，無形資産及び投資不動産の売却による収入,  Proceeds from sales of property. plant and equipment. and intangible assets and investment property,12181,,,  負債,  Liabilities,,,,  純損益に振り替えられることのない項目,  Items that will not be reclassified to profit or loss,,,,  投資（持分法で会計処理されている投資を含む）の取得による支出,  Purchase of investments (including investments accounted for using equity method),-4288,,,  負債,  Liabilities,,,,  純損益に振り替えられることのない項目,  Items that will not be reclassified to profit or loss,,,,  投資（持分法で会計処理されている投資を含む）の売却及び償還による収入,  Proceeds from sale and redemption of investments (including investments accounted for using equity method),4591,,,負債,,,,,当期利益,,16954,,,投資（持分法で会計処理されている投資を含む）の取得による支出,,-11009,,,    ソフトウエア,    Software,19837,,,  固定資産売却益,  Gain on sales of non-current assets,4409,,,  売上債権の増減額（△は増加）,  Decrease (increase) in trade receivables,-31439,
 負債及び資本, Liabilities and equity,,,,   その他の包括利益を通じて公正価値で測定する金融資産,   Net change in fair value of equity instruments designated as measured at fair value through other comprehensive income,3044,,,  投資（持分法で会計処理されている投資を含む）の取得による支出,  Purchase of investments (including investments accounted for using equity method),-4,,,   流動負債,   Current liabilities,,,,   その他の包括利益を通じて公正価値で測定する金融資産,   Net change in fair value of equity instruments designated as measured at fair value through other comprehensive income,3176,,,  投資（持分法で会計処理されている投資を含む）の取得による支出,  Purchase of investments (including investments accounted for using equity method),-4053,,,   流動負債,   Current liabilities,,,,   その他の包括利益を通じて公正価値で測定する金融資産,   Net change in fair value of equity instruments designated as measured at fair value through other comprehensive income,1946,,,  投資（持分法で会計処理されている投資を含む）の売却及び償還による収入,  Proceeds from sale and redemption of investments (including investments accounted for using equity method),2283,,,   流動負債,   Current liabilities,,,,   その他の包括利益を通じて公正価値で測定する金融資産,   Net change in fair value of equity instruments designated as measured at fair value through other comprehensive income,1989,,,  子会社持分の売却による収入,  Proceeds from sale of equity interest of subsidiaries,144,,,流動負債,,,,,その他の包括利益,,,,,投資（持分法で会計処理されている投資を含む）の売却及び償還による収入,,978,,,    その他,    Other,4869,,,  知的財産権譲渡益,  Gain on transfer of intellectual property rights,3837,,,  前受金の増減額（△は減少）,  Increase (decrease) in advances received,-4845,
  負債,  Liabilities,,,,   確定給付制度の再測定,   Remeasurements of defined benefit plans,4031,,,  投資（持分法で会計処理されている投資を含む）の売却及び償還による収入,  Proceeds from sale and redemption of investments (including investments accounted for using equity method),1563,,,    営業債務及びその他の債務,    Trade and other payables,258581,,,   確定給付制度の再測定,   Remeasurements of defined benefit plans,7758,,,  投資（持分法で会計処理されている投資を含む）の売却及び償還による収入,  Proceeds from sale and redemption of investments (including investments accounted for using equity method),4189,,,    営業債務及びその他の債務,    Trade and other payables,247086,,,   確定給付制度の再測定,   Remeasurements of defined benefit plans,5923,,,  子会社の取得による支出,  Payments for acquisition of subsidiaries,-64,,,    営業債務及びその他の債務,    Trade and other payables,235414,,,   確定給付制度の再測定,   Remeasurements of defined benefit plans,3794,,,  その他,  Other,-1340,,,営業債務及びその他の債務,,234451,,,純損益に振り替えられることのない項目,,,,,子会社持分の売却による収入,,295,,,    無形固定資産合計,    Total intangible assets,32162,,,  関係会社出資持分譲渡益,  Gain on transfer of equity interest of subsidiaries and associates,2200,,,  前渡金の増減額（△は増加）,  Decrease (increase) in advance payments - trade,2139,
   流動負債,   Current liabilities,,,,   持分法適用会社におけるその他の包括利益,   Share of other comprehensive income of investments accounted for using equity method,1649,,,  子会社持分の売却による収入,  Proceeds from sale of equity interest of subsidiaries,,,,    社債及び借入金,    Bonds and borrowings,177021,,,   持分法適用会社におけるその他の包括利益,   Share of other comprehensive income of investments accounted for using equity method,1189,,,  子会社の取得による支出,  Payments for acquisition of subsidiaries,,,,    社債及び借入金,    Bonds and borrowings,140370,,,   持分法適用会社におけるその他の包括利益,   Share of other comprehensive income of investments accounted for using equity method,816,,,  子会社持分の売却による収入,  Proceeds from sale of equity interest of subsidiaries,1224,,,    社債及び借入金,    Bonds and borrowings,95220,,,   持分法適用会社におけるその他の包括利益,   Share of other comprehensive income of investments accounted for using equity method,614,,,  投資活動によるキャッシュ・フロー,  Net cash provided by (used in) investing activities,27926,,,社債及び借入金,,158377,,,その他の包括利益を通じて公正価値で測定する金融資産,,2487,,,その他,,-6450,,,   投資その他の資産,   Investments and other assets,,,,  保険差益,  Gain on insurance claims,1108,,,  たな卸資産の増減額（△は増加）,  Decrease (increase) in inventories,-8704,
    営業債務及びその他の債務,    Trade and other payables,287201,,,   純損益に振り替えられることのない項目合計,   Total of items that will not be reclassified to profit or loss,8724,,,  その他,  Other,-11045,,,    リース負債,    Lease liabilities,17642,,,   純損益に振り替えられることのない項目合計,   Total of items that will not be reclassified to profit or loss,12123,,,  子会社持分の売却による収入,  Proceeds from sale of equity interest of subsidiaries,160,,,    リース負債,    Lease liabilities,16726,,,   純損益に振り替えられることのない項目合計,   Total of items that will not be reclassified to profit or loss,8685,,,  その他,  Other,3702,,,    リース負債,    Lease liabilities,17061,,,   純損益に振り替えられることのない項目合計,   Total of items that will not be reclassified to profit or loss,6397,,, 財務活動によるキャッシュ・フロー, Cash flows from financing activities,,,,リース負債,,17630,,,確定給付制度の再測定,,1886,,,投資活動によるキャッシュ・フロー,,-40482,,,    投資有価証券,    Investment securities,63514,,,  関係会社株式売却益,  Gain on sales of shares of subsidiaries and associates,236,,,  仕入債務の増減額（△は減少）,  Increase (decrease) in trade payables,-23024,
    社債及び借入金,    Bonds and borrowings,126125,,,  純損益に振り替えられる可能性のある項目,  Items that may be reclassified to profit or loss,,,,  投資活動によるキャッシュ・フロー,  Net cash provided by (used in) investing activities,-58820,,,    その他の金融負債,    Other financial liabilities,20310,,,  純損益に振り替えられる可能性のある項目,  Items that may be reclassified to profit or loss,,,,  その他,  Other,-3183,,,    その他の金融負債,    Other financial liabilities,14551,,,  純損益に振り替えられる可能性のある項目,  Items that may be reclassified to profit or loss,,,,  投資活動によるキャッシュ・フロー,  Net cash provided by (used in) investing activities,-52347,,,    その他の金融負債,    Other financial liabilities,14636,,,  純損益に振り替えられる可能性のある項目,  Items that may be reclassified to profit or loss,,,,  短期借入金の純増減額（△は減少）,  Net increase (decrease) in short-term borrowings,-50579,,,その他の金融負債,,11742,,,持分法適用会社におけるその他の包括利益,,176,,,財務活動によるキャッシュ・フロー,,,,,    繰延税金資産,    Deferred tax assets,112440,,,  事業譲渡益,  Gain on sale of businesses,,,,  未払費用の増減額（△は減少）,  Increase (decrease) in accrued expenses,35,
    リース負債,    Lease liabilities,17386,,,   在外営業活動体の換算差額,   Exchange differences on translation of foreign operations,-387,,, 財務活動によるキャッシュ・フロー, Cash flows from financing activities,,,,    未払法人所得税,    Income taxes payable,7277,,,   在外営業活動体の換算差額,   Exchange differences on translation of foreign operations,17952,,,  投資活動によるキャッシュ・フロー,  Net cash provided by (used in) investing activities,-51699,,,    未払法人所得税,    Income taxes payable,9685,,,   在外営業活動体の換算差額,   Exchange differences on translation of foreign operations,6616,,, 財務活動によるキャッシュ・フロー, Cash flows from financing activities,,,,    未払法人所得税,    Income taxes payable,18005,,,   在外営業活動体の換算差額,   Exchange differences on translation of foreign operations,11807,,,  コマーシャル・ペーパーの純増減額（△は減少）,  Net increase (decrease) in commercial papers,,,,未払法人所得税,,5125,,,純損益に振り替えられることのない項目合計,,4549,,,短期借入金の純増減額（△は減少）,,-43633,,,    退職給付に係る資産,    Retirement benefit asset,7,,,  特別利益合計,  Total extraordinary income,11790,,,  その他の流動資産の増減額（△は増加）,  Decrease (increase) in other current assets,-10418,
    その他の金融負債,    Other financial liabilities,15226,,,   キャッシュ・フロー・ヘッジ,   Cash flow hedges,-358,,,  短期借入金の純増減額（△は減少）,  Net increase (decrease) in short-term borrowings,-59397,,,    契約負債,    Contract liabilities,204121,,,   キャッシュ・フロー・ヘッジ,   Cash flow hedges,-46,,, 財務活動によるキャッシュ・フロー, Cash flows from financing activities,,,,    契約負債,    Contract liabilities,201883,,,   キャッシュ・フロー・ヘッジ,   Cash flow hedges,153,,,  短期借入金の純増減額（△は減少）,  Net increase (decrease) in short-term borrowings,14372,,,    契約負債,    Contract liabilities,214726,,,   キャッシュ・フロー・ヘッジ,   Cash flow hedges,108,,,  長期借入れによる収入,  Proceeds from long-term borrowings,14625,,,契約負債,,165818,,,純損益に振り替えられる可能性のある項目,,,,,コマーシャル・ペーパーの純増減額（△は減少）,,-56000,,,    その他,    Other,60410,,, 特別損失, Extraordinary losses,,,,  その他の流動負債の増減額（△は減少）,  Increase (decrease) in other current liabilities,-7042,
    未払法人所得税,    Income taxes payable,39690,,,   持分法適用会社におけるその他の包括利益,   Share of other comprehensive income of investments accounted for using equity method,204,,,  長期借入れによる収入,  Proceeds from long-term borrowings,47329,,,    引当金,    Provisions,25190,,,   持分法適用会社におけるその他の包括利益,   Share of other comprehensive income of investments accounted for using equity method,409,,,  短期借入金の純増減額（△は減少）,  Net increase (decrease) in short-term borrowings,42201,,,    引当金,    Provisions,22942,,,   持分法適用会社におけるその他の包括利益,   Share of other comprehensive income of investments accounted for using equity method,1941,,,  長期借入れによる収入,  Proceeds from long-term borrowings,30216,,,    引当金,    Provisions,22433,,,   持分法適用会社におけるその他の包括利益,   Share of other comprehensive income of investments accounted for using equity method,1009,,,  長期借入金の返済による支出,  Repayments of long-term borrowings,-36570,,,引当金,,26738,,,在外営業活動体の換算差額,,7004,,,長期借入れによる収入,,117911,,,    貸倒引当金,    Allowance for doubtful accounts,-1255,,,  投資有価証券評価損,  Loss on valuation of investment securities,4836,,,  未収消費税等の増減額（△は増加）,  Decrease (increase) in consumption taxes refund receivable,1058,
    契約負債,    Contract liabilities,252968,,,   純損益に振り替えられる可能性のある項目合計,   Total of items that may be reclassified to profit or loss,-541,,,  長期借入金の返済による支出,  Repayments of long-term borrowings,-57565,,,    返金負債,    Refund liabilities,192679,,,   純損益に振り替えられる可能性のある項目合計,   Total of items that may be reclassified to profit or loss,18315,,,  長期借入れによる収入,  Proceeds from long-term borrowings,85822,,,    その他の流動負債,    Other current liabilities,178358,,,   純損益に振り替えられる可能性のある項目合計,   Total of items that may be reclassified to profit or loss,8710,,,  長期借入金の返済による支出,  Repayments of long-term borrowings,-42630,,,    その他の流動負債,    Other current liabilities,156180,,,   純損益に振り替えられる可能性のある項目合計,   Total of items that may be reclassified to profit or loss,12924,,,  社債の発行による収入,  Proceeds from issuance of bonds,,,,その他の流動負債,,144907,,,キャッシュ・フロー・ヘッジ,,49,,,長期借入金の返済による支出,,-39473,,,    投資その他の資産合計,    Total investments and other assets,235116,,,  減損損失,  Impairment loss,426,,,  その他,  Other. net,3253,
    引当金,    Provisions,26049,,,  税引後その他の包括利益,  Other comprehensive income. net of tax,8183,,,  社債の発行による収入,  Proceeds from issuance of bonds,20000,,,    その他の流動負債,    Other current liabilities,148243,,,  税引後その他の包括利益,  Other comprehensive income. net of tax,30438,,,  長期借入金の返済による支出,  Repayments of long-term borrowings,-64393,,,    流動負債合計,    Total current liabilities,831601,,,  税引後その他の包括利益,  Other comprehensive income. net of tax,17395,,,  社債の発行による収入,  Proceeds from issuance of bonds,20000,,,    流動負債合計,    Total current liabilities,773675,,,  税引後その他の包括利益,  Other comprehensive income. net of tax,19321,,,  社債の償還による支出,  Redemption of bonds,-20000,,,流動負債合計,,764788,,,持分法適用会社におけるその他の包括利益,,350,,,社債の発行による収入,,30000,,,   固定資産合計,   Total non-current assets,664773,,,  特別損失合計,  Total extraordinary losses,5262,,,  小計,  Subtotal,31369,
    返金負債,    Refund liabilities,153002,,, 当期包括利益, Comprehensive income,125478,,,  社債の償還による支出,  Redemption of bonds,-10000,,,    流動負債合計,    Total current liabilities,1051064,,, 当期包括利益, Comprehensive income,-34412,,,  社債の発行による収入,  Proceeds from issuance of bonds,,,,   非流動負債,   Non-current liabilities,,,, 当期包括利益, Comprehensive income,65775,,,  社債の償還による支出,  Redemption of bonds,,,,   非流動負債,   Non-current liabilities,,,, 当期包括利益, Comprehensive income,88240,,,  リース負債の返済による支出,  Repayments of lease liabilities,-20553,,,非流動負債,,,,,純損益に振り替えられる可能性のある項目合計,,7403,,,社債の償還による支出,,-10000,,,  資産合計,  Total assets,1740782,,, 税金等調整前当期純利益, Profit before income taxes,38779,,,  利息及び配当金の受取額,  Interest and dividends received,2107,
    その他の流動負債,    Other current liabilities,175192,,, 当期包括利益の帰属, Comprehensive income attributable to,,,,  リース負債の返済による支出,  Repayments of lease liabilities,-20763,,,   非流動負債,   Non-current liabilities,,,, 当期包括利益の帰属, Comprehensive income attributable to,,,,  社債の償還による支出,  Redemption of bonds,-10000,,,    社債及び借入金,    Bonds and borrowings,253291,,, 当期包括利益の帰属, Comprehensive income attributable to,,,,  リース負債の返済による支出,  Repayments of lease liabilities,-21505,,,    社債及び借入金,    Bonds and borrowings,276987,,, 当期包括利益の帰属, Comprehensive income attributable to,,,,  自己株式の増減額（△は増加）,  Net decrease (increase) in treasury shares,-6,,,社債及び借入金,,304735,,,税引後その他の包括利益,,11952,,,リース負債の返済による支出,,-19244,,, 負債の部, Liabilities,,,, 法人税、住民税及び事業税, Income taxes - current,14970,,,  利息の支払額,  Interest paid,-3826,
    小計,    Subtotal,1092839,,,  親会社の所有者,  Owners of parent,121135,,,  自己株式の純増減額（△は増加）,  Net decrease (increase) in treasury shares,-10,,,    社債及び借入金,    Bonds and borrowings,272132,,,  親会社の所有者,  Owners of parent,-39865,,,  リース負債の返済による支出,  Repayments of lease liabilities,-21646,,,    リース負債,    Lease liabilities,109101,,,  親会社の所有者,  Owners of parent,61670,,,  自己株式の増減額（△は増加）,  Net decrease (increase) in treasury shares,-13,,,    リース負債,    Lease liabilities,116285,,,  親会社の所有者,  Owners of parent,83998,,,  配当金の支払額,  Dividends paid,-4541,,,リース負債,,125193,,,当期包括利益,,28906,,,自己株式の増減額（△は増加）,,131,,,  流動負債,  Current liabilities,,,, 過年度法人税等, Income taxes for prior periods,,,,  保険金の受取額,  Proceeds from insurance income,1737,
    売却目的保有に分類された処分グループに係る負債,    Liabilities related to disposal groups classified as held for sale,25086,,,  非支配持分,  Non-controlling interests,4343,,,  配当金の支払額,  Dividends paid,-15155,,,    リース負債,    Lease liabilities,107581,,,  非支配持分,  Non-controlling interests,5453,,,  自己株式の純増減額（△は増加）,  Net decrease (increase) in treasury shares,96,,,    その他の金融負債,    Other financial liabilities,95479,,,  非支配持分,  Non-controlling interests,4105,,,  配当金の支払額,  Dividends paid,-12110,,,    その他の金融負債,    Other financial liabilities,103681,,,  非支配持分,  Non-controlling interests,4242,,,  非支配持分からの払込による収入,  Capital contribution from non-controlling interests,85,,,その他の金融負債,,103428,,,当期包括利益の帰属,,,,,配当金の支払額,,-2983,,,   支払手形及び買掛金,   Notes and accounts payable - trade,262587,,, 法人税等調整額, Income taxes - deferred,5759,,,  法人税等の支払額,  Income taxes paid,-16877,
    流動負債合計,    Total current liabilities,1117925,,,  当期包括利益,  Comprehensive income,125478,,,  非支配持分からの払込による収入,  Capital contribution from non-controlling interests,227,,,    その他の金融負債,    Other financial liabilities,82242,,,  当期包括利益,  Comprehensive income,-34412,,,  配当金の支払額,  Dividends paid,-15145,,,    繰延税金負債,    Deferred tax liabilities,4470,,,  当期包括利益,  Comprehensive income,65775,,,  非支配持分からの払込による収入,  Capital contribution from non-controlling interests,822,,,    繰延税金負債,    Deferred tax liabilities,3485,,,  当期包括利益,  Comprehensive income,88240,,,  非支配持分への配当金の支払額,  Dividends paid to non-controlling interests,-3966,,,繰延税金負債,,3132,,,親会社の所有者,,24010,,,非支配持分からの払込による収入,,59,,,   短期借入金,   Short-term borrowings,185600,,, 法人税等合計, Total income taxes,20729,,,  営業活動によるキャッシュ・フロー,  Net cash provided by (used in) operating activities,14510,
   非流動負債,   Non-current liabilities,,,,,,,,,  非支配持分への配当金の支払額,  Dividends paid to non-controlling interests,-3915,,,    繰延税金負債,    Deferred tax liabilities,4080,,,,,,,,  非支配持分からの払込による収入,  Capital contribution from non-controlling interests,1292,,,    退職給付に係る負債,    Retirement benefit liability,167595,,,,,,,,  非支配持分への配当金の支払額,  Dividends paid to non-controlling interests,-4490,,,    退職給付に係る負債,    Retirement benefit liability,175328,,,,,,,,  その他金融負債の増加,  Increase in other financial liabilities,3464,,,退職給付に係る負債,,180720,,,非支配持分,,4896,,,非支配持分への配当金の支払額,,-3722,,,   コマーシャル・ペーパー,   Commercial papers,56000,,, 当期純利益, Profit,18050,,, 投資活動によるキャッシュ・フロー, Cash flows from investing activities,,
    社債及び借入金,    Bonds and borrowings,263271,,,,,,,,  その他金融負債の増加,  Increase in other financial liabilities,1309,,,    退職給付に係る負債,    Retirement benefit liability,156124,,,,,,,,  非支配持分への配当金の支払額,  Dividends paid to non-controlling interests,-5699,,,    引当金,    Provisions,7948,,,,,,,,  その他金融負債の増加,  Increase in other financial liabilities,5168,,,    引当金,    Provisions,7348,,,,,,,,  その他金融負債の減少,  Decrease in other financial liabilities,-3513,,,引当金,,6338,,,当期包括利益,,28906,,,その他金融負債の増加,,3203,,,   1年内償還予定の社債,   Current portion of bonds payable,10000,,, 非支配株主に帰属する当期純利益, Profit attributable to non-controlling interests,5238,,,  定期預金の増減額（△は増加）,  Decrease (increase) in time deposits,529,
    リース負債,    Lease liabilities,107941,,,,,,,,  その他金融負債の減少,  Decrease in other financial liabilities,-18367,,,    引当金,    Provisions,6631,,,,,,,,  その他金融負債の増加,  Increase in other financial liabilities,1285,,,    その他の非流動負債,    Other non-current liabilities,16228,,,,,,,,  その他金融負債の減少,  Decrease in other financial liabilities,-13332,,,    その他の非流動負債,    Other non-current liabilities,15845,,,,,,,,  その他,  Other,65,,,その他の非流動負債,,16830,,,,,,,,その他金融負債の減少,,-674,,,   未払費用,   Accrued expenses,88082,,, 親会社株主に帰属する当期純利益, Profit attributable to owners of parent,12812,,,  有価証券及び投資有価証券の取得による支出,  Purchase of short-term and long-term investment securities,-23182,
    その他の金融負債,    Other financial liabilities,66875,,,,,,,,  連結の範囲の変更を伴わない子会社株式の取得による支出,  Purchase of shares of subsidiaries not resulting in change in scope of consolidation,,,,    その他の非流動負債,    Other non-current liabilities,15688,,,,,,,,  その他金融負債の減少,  Decrease in other financial liabilities,-15692,,,    非流動負債合計,    Total non-current liabilities,654112,,,,,,,,  連結の範囲の変更を伴わない子会社株式の取得による支出,  Purchase of shares of subsidiaries not resulting in change in scope of consolidation,-542,,,    非流動負債合計,    Total non-current liabilities,698959,,,,,,,,  財務活動によるキャッシュ・フロー,  Net cash provided by (used in) financing activities,-121489,,,非流動負債合計,,740376,,,,,,,,その他,,713,,,   未払法人税等,   Income taxes payable,6012,,, 当期純利益, Profit,18050,,,  有価証券及び投資有価証券の売却及び償還による収入,  Proceeds from sales and redemption of short-term and long-term investment securities,6469,
    繰延税金負債,    Deferred tax liabilities,7747,,,,,,,,  その他,  Other,82,,,    非流動負債合計,    Total non-current liabilities,644478,,,,,,,,  連結の範囲の変更を伴わない子会社株式の取得による支出,  Purchase of shares of subsidiaries not resulting in change in scope of consolidation,-689,,,   負債合計,   Total liabilities,1485713,,,,,,,,  その他,  Other,1,,,   負債合計,   Total liabilities,1472634,,,,,,,, 現金及び現金同等物に係る換算差額, Effect of exchange rate changes on cash and cash equivalents,4131,,,負債合計,,1505164,,,,,,,,財務活動によるキャッシュ・フロー,,-23712,,,   前受金,   Advances received,151790,,, その他の包括利益, Other comprehensive income,,,,  有形及び無形固定資産の取得による支出,  Purchase of property. plant and equipment and intangible assets,-66351,
    退職給付に係る負債,    Retirement benefit liability,145616,,,,,,,,  財務活動によるキャッシュ・フロー,  Net cash provided by (used in) financing activities,-116225,,,   負債合計,   Total liabilities,1695542,,,,,,,,  その他,  Other,-1,,,  資本,  Equity,,,,,,,,,  財務活動によるキャッシュ・フロー,  Net cash provided by (used in) financing activities,-24043,,,  資本,  Equity,,,,,,,,, 現金及び現金同等物の増減額（△は減少）, Net increase (decrease) in cash and cash equivalents,24723,,,資本,,,,,,,,,,現金及び現金同等物に係る換算差額,,3245,,,   賞与引当金,   Provision for bonuses,26672,,,  その他有価証券評価差額金,  Valuation difference on available-for-sale securities,-1741,,,  有形及び無形固定資産の売廃却による収支（△は支出）,  Gain (loss) on sales or disposal of property.plant and equipment and intangible assets,6614,
    引当金,    Provisions,6728,,,,,,,, 現金及び現金同等物に係る換算差額, Effect of exchange rate changes on cash and cash equivalents,619,,,  資本,  Equity,,,,,,,,,  財務活動によるキャッシュ・フロー,  Net cash provided by (used in) financing activities,-2569,,,   資本金,   Share capital,107165,,,,,,,, 現金及び現金同等物に係る換算差額, Effect of exchange rate changes on cash and cash equivalents,1528,,,   資本金,   Share capital,107165,,,,,,,, 現金及び現金同等物の期首残高, Cash and cash equivalents at beginning of period,120766,,,資本金,,107165,,,,,,,,現金及び現金同等物の増減額（△は減少）,,-24569,,,   保証工事引当金,   Provision for construction warranties,42759,,,  繰延ヘッジ損益,  Deferred gains or losses on hedges,-75,,,  知的財産権譲渡による収入,  Proceeds from transfer of intellectual property rights,1898,
    その他の非流動負債,    Other non-current liabilities,15629,,,,,,,, 現金及び現金同等物の増減額（△は減少）, Net increase (decrease) in cash and cash equivalents,3208,,,   資本金,   Share capital,107165,,,,,,,, 現金及び現金同等物に係る換算差額, Effect of exchange rate changes on cash and cash equivalents,6213,,,   資本剰余金,   Capital surplus,46741,,,,,,,, 現金及び現金同等物の増減額（△は減少）, Net increase (decrease) in cash and cash equivalents,-20746,,,   資本剰余金,   Capital surplus,47052,,,,,,,, 連結除外に伴う現金及び現金同等物の減少額, Decrease in cash and cash equivalents resulting from exclusion of subsidiaries from consolidation,,,,資本剰余金,,51735,,,,,,,,現金及び現金同等物の期首残高,,145738,,,   受注工事損失引当金,   Provision for loss on construction contracts,19929,,,  土地再評価差額金,  Revaluation reserve for land,,,,  事業譲渡による収入,  Proceeds from sale of businesses,,
    非流動負債合計,    Total non-current liabilities,613807,,,,,,,, 現金及び現金同等物の期首残高, Cash and cash equivalents at beginning of period,138805,,,   資本剰余金,   Capital surplus,46362,,,,,,,, 現金及び現金同等物の増減額（△は減少）, Net increase (decrease) in cash and cash equivalents,14062,,,   利益剰余金,   Retained earnings,251915,,,,,,,, 現金及び現金同等物の期首残高, Cash and cash equivalents at beginning of period,145489,,,   利益剰余金,   Retained earnings,213026,,,,,,,, 現金及び現金同等物の期末残高, Cash and cash equivalents at end of period,145489,,,利益剰余金,,148428,,,,,,,,新規連結に伴う現金及び現金同等物の増加額,,-,,,   その他の引当金,   Other provisions,1141,,,  為替換算調整勘定,  Foreign currency translation adjustment,-6183,,,  連結の範囲の変更を伴う子会社株式の取得による支出,  Purchase of shares of subsidiaries resulting in change in scope of consolidation,,
   負債合計,   Total liabilities,1731732,,,,,,,, 売却目的保有に分類された処分グループに係る資産に含まれる現金及び現金同等物, Cash and cash equivalents included in assets related to disposal groups classified as held for sale,-5204,,,   利益剰余金,   Retained earnings,177403,,,,,,,, 現金及び現金同等物の期首残高, Cash and cash equivalents at beginning of period,124743,,,   自己株式,   Treasury shares,-8746,,,,,,,, 現金及び現金同等物の期末残高, Cash and cash equivalents at end of period,124743,,,   自己株式,   Treasury shares,-8815,,,,,,,,,,,,,自己株式,,-15953,,,,,,,,連結除外に伴う現金及び現金同等物の減少額,,-403,,,   その他,   Other,58433,,,  退職給付に係る調整額,  Remeasurements of defined benefit plans. net of tax,-2031,,,  連結の範囲の変更を伴う子会社出資持分の譲渡による収入,  Proceeds from transfer of equity interest of subsidiaries resulting in change in scope of consolidation,7352,
  資本,  Equity,,,,,,,,, 現金及び現金同等物の期末残高, Cash and cash equivalents at end of period,136809,,,   自己株式,   Treasury shares,-8589,,,,,,,, 現金及び現金同等物の期末残高, Cash and cash equivalents at end of period,138805,,,   その他の資本の構成要素,   Other components of equity,34170,,,,,,,,,,,,,   その他の資本の構成要素,   Other components of equity,23706,,,,,,,,,,,,,その他の資本の構成要素,,9394,,,,,,,,現金及び現金同等物の期末残高,,120766,,,   流動負債合計,   Total current liabilities,909005,,,  持分法適用会社に対する持分相当額,  Share of other comprehensive income of entities accounted for using equity method,590,,,  短期貸付金の増減額（△は増加）,  Decrease (increase) in short-term loans receivable,-38,
   資本金,   Share capital,107165,,,,,,,,,,,,,   その他の資本の構成要素,   Other components of equity,53648,,,,,,,,,,,,,   親会社の所有者に帰属する持分合計,   Total equity attributable to owners of parent,431245,,,,,,,,,,,,,   親会社の所有者に帰属する持分合計,   Total equity attributable to owners of parent,382134,,,,,,,,,,,,,親会社の所有者に帰属する持分合計,,300769,,,,,,,,,,,,,  固定負債,  Non-current liabilities,,,,  その他の包括利益合計,  Total other comprehensive income,-9440,,,  長期貸付けによる支出,  Long-term loan advances,-22,
   資本剰余金,   Capital surplus,46384,,,,,,,,,,,,,   親会社の所有者に帰属する持分合計,   Total equity attributable to owners of parent,375989,,,,,,,,,,,,,   非支配持分,   Non-controlling interests,25006,,,,,,,,,,,,,   非支配持分,   Non-controlling interests,24905,,,,,,,,,,,,,非支配持分,,26958,,,,,,,,,,,,,   社債,   Bonds payable,50000,,, 包括利益, Comprehensive income,8610,,,  長期貸付金の回収による収入,  Collection of long-term loans receivable,248,
   利益剰余金,   Retained earnings,280100,,,,,,,,,,,,,   非支配持分,   Non-controlling interests,26279,,,,,,,,,,,,,   資本合計,   Total equity,456251,,,,,,,,,,,,,   資本合計,   Total equity,407039,,,,,,,,,,,,,資本合計,,327727,,,,,,,,,,,,,   長期借入金,   Long-term borrowings,159223,,, （内訳）, Comprehensive income attributable to,,,,  投資その他の資産の増減額（△は増加）,  Decrease (increase) in other investments,-11707,
   自己株式,   Treasury shares,-8576,,,,,,,,,,,,,   資本合計,   Total equity,402268,,,,,,,,,,,,,  負債及び資本合計,  Total liabilities and equity,1941964,,,,,,,,,,,,,  負債及び資本合計,  Total liabilities and equity,1879673,,,,,,,,,,,,,負債及び資本合計,,1832891,,,,,,,,,,,,,   リース債務,   Lease obligations,22089,,,  親会社株主に係る包括利益,  Comprehensive income attributable to owners of parent,4487,,,  その他固定負債の増減額（△は減少）,  (Decrease)increase in other fixed liabilities,2303,
   その他の資本の構成要素,   Other components of equity,56761,,,,,,,,,,,,,  負債及び資本合計,  Total liabilities and equity,2097810,,,,,,,,,,,,,,,,,,,,,,,,,,,,,,,,,,,,,,,,,,,,,,,,,,,,,,,,,,   再評価に係る繰延税金負債,   Deferred tax liabilities for land revaluation,4950,,,  非支配株主に係る包括利益,  Comprehensive income attributable to non-controlling interests,4123,,,  その他,  Other. net,-9,
   売却目的保有に分類された処分グループに係るその他の資本の構成要素,   Other components of equity related to disposal groups classified as held for sale,-108,,,,,,,,,,,,,,,,,,,,,,,,,,,,,,,,,,,,,,,,,,,,,,,,,,,,,,,,,,,,,,,,,,,,,,,,,   退職給付に係る負債,   Retirement benefit liability,166193,,,,,,,,  投資活動によるキャッシュ・フロー,  Net cash provided by (used in) investing activities,-75896,
   親会社の所有者に帰属する持分合計,   Total equity attributable to owners of parent,481726,,,,,,,,,,,,,,,,,,,,,,,,,,,,,,,,,,,,,,,,,,,,,,,,,,,,,,,,,,,,,,,,,,,,,,,,,   関係会社損失引当金,   Provision for loss on subsidiaries and affiliates,1249,,,,,,,, 財務活動によるキャッシュ・フロー, Cash flows from financing activities,,
   非支配持分,   Non-controlling interests,26934,,,,,,,,,,,,,,,,,,,,,,,,,,,,,,,,,,,,,,,,,,,,,,,,,,,,,,,,,,,,,,,,,,,,,,,,,   その他の引当金,   Other provisions,1068,,,,,,,,  短期借入金の純増減額（△は減少）,  Net increase (decrease) in short-term borrowings,84004,
   資本合計,   Total equity,508660,,,,,,,,,,,,,,,,,,,,,,,,,,,,,,,,,,,,,,,,,,,,,,,,,,,,,,,,,,,,,,,,,,,,,,,,,   その他,   Other,73259,,,,,,,,  コマーシャル・ペーパーの純増減額（△は減少）,  Net increase (decrease) in commercial papers,56000,
  負債及び資本合計,  Total liabilities and equity,2240392,,,,,,,,,,,,,,,,,,,,,,,,,,,,,,,,,,,,,,,,,,,,,,,,,,,,,,,,,,,,,,,,,,,,,,,,,   固定負債合計,   Total non-current liabilities,478031,,,,,,,,  長期借入れによる収入,  Proceeds from long-term borrowings,47055,
,,,,,,,,,,,,,,,,,,,,,,,,,,,,,,,,,,,,,,,,,,,,,,,,,,,,,,,,,,,,,,,,,,,,,,,,,,,  負債合計,  Total liabilities,1387036,,,,,,,,  長期借入金の返済による支出,  Repayments of long-term borrowings,-49527,
,,,,,,,,,,,,,,,,,,,,,,,,,,,,,,,,,,,,,,,,,,,,,,,,,,,,,,,,,,,,,,,,,,,,,,,,,,, 純資産の部, Net assets,,,,,,,,,  社債の発行による収入,  Proceeds from issuance of bonds,30000,
,,,,,,,,,,,,,,,,,,,,,,,,,,,,,,,,,,,,,,,,,,,,,,,,,,,,,,,,,,,,,,,,,,,,,,,,,,,  株主資本,  Shareholders' equity,,,,,,,,,  社債の償還による支出,  Redemption of bonds,-20000,
,,,,,,,,,,,,,,,,,,,,,,,,,,,,,,,,,,,,,,,,,,,,,,,,,,,,,,,,,,,,,,,,,,,,,,,,,,,   資本金,   Share capital,107165,,,,,,,,  セール・アンド・リースバックによる収入,  Proceeds from sale and leaseback transactions,436,
,,,,,,,,,,,,,,,,,,,,,,,,,,,,,,,,,,,,,,,,,,,,,,,,,,,,,,,,,,,,,,,,,,,,,,,,,,,   資本剰余金,   Capital surplus,51780,,,,,,,,  リース債務の返済による支出,  Repayments of lease obligations,-5276,
,,,,,,,,,,,,,,,,,,,,,,,,,,,,,,,,,,,,,,,,,,,,,,,,,,,,,,,,,,,,,,,,,,,,,,,,,,,   利益剰余金,   Retained earnings,186170,,,,,,,,  自己株式の増減額（△は増加）,  Decrease (increase) in treasury shares,-14490,
,,,,,,,,,,,,,,,,,,,,,,,,,,,,,,,,,,,,,,,,,,,,,,,,,,,,,,,,,,,,,,,,,,,,,,,,,,,   自己株式,   Treasury shares,-15899,,,,,,,,  自己株式取得目的の金銭の信託の設定による支出,  Payments made to trust account for acquisition of treasury shares,-361,
,,,,,,,,,,,,,,,,,,,,,,,,,,,,,,,,,,,,,,,,,,,,,,,,,,,,,,,,,,,,,,,,,,,,,,,,,,,   株主資本合計,   Total shareholders' equity,329216,,,,,,,,  子会社の自己株式の取得による支出,  Purchase of treasury shares of subsidiaries,-1,
,,,,,,,,,,,,,,,,,,,,,,,,,,,,,,,,,,,,,,,,,,,,,,,,,,,,,,,,,,,,,,,,,,,,,,,,,,,  その他の包括利益累計額,  Accumulated other comprehensive income,,,,,,,,,  配当金の支払額,  Dividends paid,-10791,
,,,,,,,,,,,,,,,,,,,,,,,,,,,,,,,,,,,,,,,,,,,,,,,,,,,,,,,,,,,,,,,,,,,,,,,,,,,   その他有価証券評価差額金,   Valuation difference on available-for-sale securities,-679,,,,,,,,  非支配株主からの払込みによる収入,  Proceeds from share issuance to non-controlling shareholders,1299,
,,,,,,,,,,,,,,,,,,,,,,,,,,,,,,,,,,,,,,,,,,,,,,,,,,,,,,,,,,,,,,,,,,,,,,,,,,,   繰延ヘッジ損益,   Deferred gains or losses on hedges,-252,,,,,,,,  非支配株主への配当金の支払額,  Dividends paid to non-controlling interests,-3084,
,,,,,,,,,,,,,,,,,,,,,,,,,,,,,,,,,,,,,,,,,,,,,,,,,,,,,,,,,,,,,,,,,,,,,,,,,,,   土地再評価差額金,   Revaluation reserve for land,5321,,,,,,,,  連結の範囲の変更を伴わない子会社株式の取得による支出,  Payments from changes in ownership interests in subsidiaries that do not result in change in scope of consolidation,,
,,,,,,,,,,,,,,,,,,,,,,,,,,,,,,,,,,,,,,,,,,,,,,,,,,,,,,,,,,,,,,,,,,,,,,,,,,,   為替換算調整勘定,   Foreign currency translation adjustment,-2067,,,,,,,,  財務活動によるキャッシュ・フロー,  Net cash provided by (used in) financing activities,115264,
,,,,,,,,,,,,,,,,,,,,,,,,,,,,,,,,,,,,,,,,,,,,,,,,,,,,,,,,,,,,,,,,,,,,,,,,,,,   退職給付に係る調整累計額,   Remeasurements of defined benefit plans,-5164,,,,,,,, 現金及び現金同等物に係る換算差額, Effect of exchange rate change on cash and cash equivalents,-1301,
,,,,,,,,,,,,,,,,,,,,,,,,,,,,,,,,,,,,,,,,,,,,,,,,,,,,,,,,,,,,,,,,,,,,,,,,,,,   その他の包括利益累計額合計,   Total accumulated other comprehensive income,-2841,,,,,,,, 現金及び現金同等物の増減額（△は減少）, Net increase (decrease) in cash and cash equivalents,52577,
,,,,,,,,,,,,,,,,,,,,,,,,,,,,,,,,,,,,,,,,,,,,,,,,,,,,,,,,,,,,,,,,,,,,,,,,,,,  新株予約権,  Share acquisition rights,533,,,,,,,, 現金及び現金同等物の期首残高, Cash and cash equivalents at beginning of period,92608,
,,,,,,,,,,,,,,,,,,,,,,,,,,,,,,,,,,,,,,,,,,,,,,,,,,,,,,,,,,,,,,,,,,,,,,,,,,,  非支配株主持分,  Non-controlling interests,26838,,,,,,,, 非連結子会社の連結に伴う現金及び現金同等物の増加額, Increase in cash and cash equivalents from consolidation of non-consolidated subsidiaries,299,
,,,,,,,,,,,,,,,,,,,,,,,,,,,,,,,,,,,,,,,,,,,,,,,,,,,,,,,,,,,,,,,,,,,,,,,,,,,  純資産合計,  Total net assets,353746,,,,,,,, 連結除外に伴う現金及び現金同等物の減少額, Decrease in cash and cash equivalents resulting from exclusion of subsidiaries from consolidation,,
,,,,,,,,,,,,,,,,,,,,,,,,,,,,,,,,,,,,,,,,,,,,,,,,,,,,,,,,,,,,,,,,,,,,,,,,,,, 負債純資産合計, Total liabilities and net assets,1740782,,,,,,,, 現金及び現金同等物の期末残高, Cash and cash equivalents at end of period,145484,
