Šé‹Æ–¼,Š”®‰ïĞOˆäE&S,MITSUI E&S Co., Ltd.
ØŒ”º°ÄŞ,7003
•\–¼Ì,˜AŒ‹‘İØ‘ÎÆ•\



i•S–œ‰~j
2024/03/31Œ»İ
˜AŒ‹‘İØ‘ÎÆ•\,Consolidated balance sheet,,
 ‘Y‚Ì•”, Assets,,
  —¬“®‘Y,  Current assets,,
   Œ»‹à‹y‚Ñ—a‹à,   Cash and time deposits,35570,
   óæèŒ`A”„Š|‹à‹y‚ÑŒ_–ñ‘Y,   Notes and accounts receivable - trade. and contract assets,96283,
   ¤•i‹y‚Ñ»•i,   Merchandise and finished goods,9682,
   dŠ|•i,   Work in progress,49601,
   Œ´Ş—¿‹y‚Ñ’™‘ •i,   Raw materials and supplies,8437,
   ‚»‚Ì‘¼,   Others,24462,
   ‘İ“|ˆø“–‹à,   Allowance for doubtful accounts,-801,
   —¬“®‘Y‡Œv,   Total current assets,223237,
  ŒÅ’è‘Y,  Non-current assets,,
   —LŒ`ŒÅ’è‘Y,   Property. plant and equipment,,
    Œš•¨‹y‚Ñ\’z•¨,    Buildings and structures,114620,
     Œ¸‰¿‹p—İŒvŠz,     Accumulated depreciation,-90807,
     Œš•¨‹y‚Ñ\’z•¨iƒŠzj,     Buildings and structures. net,23813,
    ‹@ŠB‘•’u‹y‚Ñ‰^”À‹ï,    Machinery. equipment and vehicles,70512,
     Œ¸‰¿‹p—İŒvŠz,     Accumulated depreciation,-59214,
     ‹@ŠB‘•’u‹y‚Ñ‰^”À‹ïiƒŠzj,     Machinery. equipment and vehicles. net,11297,
    “y’n,    Land,67699,
    ƒŠ[ƒX‘Y,    Lease assets,13726,
     Œ¸‰¿‹p—İŒvŠz,     Accumulated depreciation,-6185,
     ƒŠ[ƒX‘YiƒŠzj,     Lease assets. net,7541,
    Œšİ‰¼Š¨’è,    Construction in progress,3626,
    ‚»‚Ì‘¼,    Others,13050,
     Œ¸‰¿‹p—İŒvŠz,     Accumulated depreciation,-11042,
     ‚»‚Ì‘¼iƒŠzj,     Others. net,2008,
    —LŒ`ŒÅ’è‘Y‡Œv,    Total property. plant and equipment,115987,
   –³Œ`ŒÅ’è‘Y,   Intangible assets,,
    ‚Ì‚ê‚ñ,    Goodwill,7532,
    ‚»‚Ì‘¼,    Others,8074,
    –³Œ`ŒÅ’è‘Y‡Œv,    Total intangible assets,15607,
   “Š‘‚»‚Ì‘¼‚Ì‘Y,   Investments and other assets,,
    “Š‘—L‰¿ØŒ”,    Investment securities,76136,
    ’·Šú‘İ•t‹à,    Long-term loans,2120,
    ‘ŞE‹‹•t‚ÉŒW‚é‘Y,    Net defined benefit asset,17109,
    ŒJ‰„Å‹à‘Y,    Deferred tax assets,5596,
    ‚»‚Ì‘¼,    Others,11473,
    ‘İ“|ˆø“–‹à,    Allowance for doubtful accounts,-126,
    “Š‘‚»‚Ì‘¼‚Ì‘Y‡Œv,    Total investments and other assets,112309,
   ŒÅ’è‘Y‡Œv,   Total non-current assets,243903,
  ‘Y‡Œv,  Total assets,467140,
 •‰Â‚Ì•”, Liabilities,,
  —¬“®•‰Â,  Current liabilities,,
   x•¥èŒ`‹y‚Ñ”ƒŠ|‹à,   Trade payables,64733,
   ’ZŠúØ“ü‹à,   Short-term borrowings,149785,
   ‚P”N“à•ÔÏ—\’è‚Ì’·ŠúØ“ü‹à,   Current portion of long-term borrowings,1410,
   ‚P”N“àŠÒ—\’è‚ÌĞÂ,   Current portion of bonds,,
   ƒŠ[ƒXÂ–±,   Lease liabilities,2076,
   –¢•¥–@lÅ“™,   Accrued income taxes,2195,
   Œ_–ñ•‰Â,   Contract liabilities,30809,
   •ÛØH–ˆø“–‹à,   Provision for construction warranties,2934,
   ó’H–‘¹¸ˆø“–‹à,   Provision for losses on construction contracts,4325,
   Ü—^ˆø“–‹à,   Provision for bonuses,5198,
   ‰ğ‘Ì“P‹ˆø“–‹à,   Provision for demolition and removal,809,
   ‚»‚Ì‘¼,   Others,16086,
   —¬“®•‰Â‡Œv,   Total current liabilities,280364,
  ŒÅ’è•‰Â,  Long-term liabilities,,
   ’·ŠúØ“ü‹à,   Long-term borrowings,10817,
   ƒŠ[ƒXÂ–±,   Lease liabilities,6571,
   ŒJ‰„Å‹à•‰Â,   Deferred tax liabilities,909,
   Ä•]‰¿‚ÉŒW‚éŒJ‰„Å‹à•‰Â,   Deferred tax liabilities for land revaluation,12011,
   –‹Æ\‘¢‰üŠvˆø“–‹à,   Provision for business restructuring,758,
   ‘ŞE‹‹•t‚ÉŒW‚é•‰Â,   Net defined benefit liabilities,4617,
   ‘Yœ‹Â–±,   Asset retirement obligations,2097,
   ‚»‚Ì‘¼,   Others,2483,
   ŒÅ’è•‰Â‡Œv,   Total long-term liabilities,40266,
  •‰Â‡Œv,  Total liabilities,320630,
 ƒ‘Y‚Ì•”, Net assets,,
  Š”å‘–{,  Shareholders' equity,,
   ‘–{‹à,   Common stock,8846,
   ‘–{è—]‹à,   Capital surplus,11804,
   —˜‰vè—]‹à,   Retained earnings,67056,
   ©ŒÈŠ”®,   Treasury stock,-4624,
   Š”å‘–{‡Œv,   Total shareholders' equity,83083,
  ‚»‚Ì‘¼‚Ì•ïŠ‡—˜‰v—İŒvŠz,  Accumulated other comprehensive income,,
   ‚»‚Ì‘¼—L‰¿ØŒ”•]‰¿·Šz‹à,   Net unrealized holding gains (losses) on securities,1269,
   ŒJ‰„ƒwƒbƒW‘¹‰v,   Unrealized losses on hedging derivatives,5642,
   “y’nÄ•]‰¿·Šz‹à,   Revaluation reserve for land,27098,
   ˆ×‘ÖŠ·Z’²®Š¨’è,   Foreign currency translation adjustments,12924,
   ‘ŞE‹‹•t‚ÉŒW‚é’²®—İŒvŠz,   Remeasurements of defined benefit plans,11992,
   ‚»‚Ì‘¼‚Ì•ïŠ‡—˜‰v—İŒvŠz‡Œv,   Total accumulated other comprehensive income,58927,
  VŠ”—\–ñŒ ,  Subscription rights to shares,87,
  ”ñx”zŠ”å•ª,  Non-controlling interests,4411,
  ƒ‘Y‡Œv,  Total net assets,146510,
 •‰Âƒ‘Y‡Œv, Total liabilities and net assets,467140,





Šé‹Æ–¼,Š”®‰ïĞOˆäE&S,MITSUI E&S Co., Ltd.
ØŒ”º°ÄŞ,7003
•\–¼Ì,˜AŒ‹‘¹‰vi‹y‚Ñ•ïŠ‡—˜‰vjŒvZ‘



i•S–œ‰~j
2023/04/01-2024/03/31
˜AŒ‹‘¹‰vŒvZ‘,Consolidated statement of income,,
 ”„ã‚, Net sales,301875,
 ”„ãŒ´‰¿, Cost of sales,254632,
 ”„ã‘—˜‰v, Gross profit,47243,
 ”Ì”„”ï‹y‚Ñˆê”ÊŠÇ—”ï, Selling. general and administrative expenses,27612,
 ‰c‹Æ—˜‰v, Operating profit,19630,
 ‰c‹ÆŠOû‰v, Non-operating income,,
  óæ—˜‘§,  Interest income,563,
  óæ”z“–‹à,  Dividend income,225,
  •ª–@‚É‚æ‚é“Š‘—˜‰v,  Equity in earnings of unconsolidated subsidiaries and affiliates accounted for using equity method,7674,
  ˆ×‘Ö·‰v,  Foreign currency exchange gains,744,
  ‚»‚Ì‘¼,  Others,995,
  ‰c‹ÆŠOû‰v‡Œv,  Total non-operating income,10204,
 ‰c‹ÆŠO”ï—p, Non-operating expenses,,
  x•¥—˜‘§,  Interest expenses,4288,
  x•¥è”—¿,  Commission expenses,3914,
  ‚»‚Ì‘¼,  Others,918,
  ‰c‹ÆŠO”ï—p‡Œv,  Total non-operating expenses,9122,
 Œoí—˜‰v, Ordinary profit,20711,
 “Á•Ê—˜‰v, Extraordinary income,,
  ŒÅ’è‘Yˆ•ª‰v,  Gain on disposal of non-current assets,266,
  “Š‘—L‰¿ØŒ””„‹p‰v,  Gain on sale of investment securities,,
  ŠÖŒW‰ïĞŠ”®”„‹p‰v,  Gain on sale of subsidiaries and affiliates' stocks,2079,
  •‰‚Ì‚Ì‚ê‚ñ”­¶‰v,  Gain on bargain purchase,1317,
  óæ•ÛŒ¯‹à,  Insurance claim income,,
  “Á•Ê—˜‰v‡Œv,  Total extraordinary income,3663,
 “Á•Ê‘¹¸, Extraordinary losses,,
  ŒÅ’è‘Yˆ•ª‘¹,  Loss on disposal of non-current assets,222,
  Œ¸‘¹‘¹¸,  Loss on impairment of non-current assets,1453,
  ŠÖŒW‰ïĞŠ”®”„‹p‘¹,  Loss on sale of subsidiaries and affiliates' stocks,,
  •ª•Ï“®‘¹¸,  Loss on change in equity,1075,
  ŠCŠO‘—‹à‘¹¸,  Loss from overseas remittance,680,
  ‰ğ‘Ì“P‹ˆø“–‹àŒJ“üŠz,  Provision for demolition and removal,809,
  —A‘—–ŒÌ‚É‚æ‚é‘¹¸,  Loss on transport accident,,
  –‹Æ®—‘¹,  Loss on liquidation of business,719,
  “Á•Ê‘¹¸‡Œv,  Total extraordinary losses,4960,
 Å‹à“™’²®‘O“–Šúƒ—˜‰v, Profit before income taxes,19415,
 –@lÅAZ–¯Å‹y‚Ñ–‹ÆÅ, Income taxes - current,2728,
 –@lÅ“™’²®Šz, Income taxes - deferred,-8640,
 –@lÅ“™‡Œv, Total income taxes,-5911,
 “–Šúƒ—˜‰v, Profit,25327,
 ”ñx”zŠ”å‚É‹A‘®‚·‚é“–Šúƒ—˜‰v, Profit attributable to non-controlling interests,275,
 e‰ïĞŠ”å‚É‹A‘®‚·‚é“–Šúƒ—˜‰v, Profit attributable to owners of parent,25051,
 “–Šúƒ—˜‰v, Profit,25327,
 ‚»‚Ì‘¼‚Ì•ïŠ‡—˜‰v, Other comprehensive income,,
  ‚»‚Ì‘¼—L‰¿ØŒ”•]‰¿·Šz‹à,  Net unrealized holding gains (losses) on securities,1211,
  ŒJ‰„ƒwƒbƒW‘¹‰v,  Unrealized gains (losses) on hedging derivatives,-7,
  ˆ×‘ÖŠ·Z’²®Š¨’è,  Foreign currency translation adjustment,3337,
  ‘ŞE‹‹•t‚ÉŒW‚é’²®Šz,  Remeasurements of defined benefit plans. net of tax,4339,
  •ª–@“K—p‰ïĞ‚É‘Î‚·‚é•ª‘Š“–Šz,  Share of other comprehensive income of entities accounted for using equity method,-3782,
  ‚»‚Ì‘¼‚Ì•ïŠ‡—˜‰v‡Œv,  Total other comprehensive income,5097,
 •ïŠ‡—˜‰v, Comprehensive income,30425,
 i“à–ój, Comprehensive income attributable to,,
  e‰ïĞŠ”å‚ÉŒW‚é•ïŠ‡—˜‰v,  Comprehensive income attributable to owners of parent,30120,
  ”ñx”zŠ”å‚ÉŒW‚é•ïŠ‡—˜‰v,  Comprehensive income attributable to non-controlling interests,304,





Šé‹Æ–¼,Š”®‰ïĞOˆäE&S,MITSUI E&S Co., Ltd.
ØŒ”º°ÄŞ,7003
•\–¼Ì,˜AŒ‹ƒLƒƒƒbƒVƒ…Eƒtƒ[ŒvZ‘



i•S–œ‰~j
2023/04/01-2024/03/31
˜AŒ‹ƒLƒƒƒbƒVƒ…Eƒtƒ[ŒvZ‘,Consolidated statement of cash flows,,
 ‰c‹ÆŠˆ“®‚É‚æ‚éƒLƒƒƒbƒVƒ…Eƒtƒ[, Cash flows from operating activities,,
  Å‹à“™’²®‘O“–Šúƒ—˜‰v,  Profit before income taxes,19415,
  Œ¸‰¿‹p”ï,  Depreciation and amortization,7387,
  Œ¸‘¹‘¹¸,  Loss on impairment of non-current assets,1453,
  ‚Ì‚ê‚ñ‹pŠz,  Amortization of goodwill,1008,
  ‘İ“|ˆø“–‹à‚Ì‘Œ¸Šzi¢‚ÍŒ¸­j,  Decrease of allowance for doubtful accounts,296,
  ‘ŞE‹‹•t‚ÉŒW‚é•‰Â‚Ì‘Œ¸Šzi¢‚ÍŒ¸­j,  Increase in net defined benefit liabilities,2483,
  ‘ŞE‹‹•t‚ÉŒW‚é‘Y‚Ì‘Œ¸Šzi¢‚Í‘‰Áj,  Decrease in net defined benefit assets,-1564,
  ó’H–‘¹¸ˆø“–‹à‚Ì‘Œ¸Šzi¢‚ÍŒ¸­j,  Increase (decrease) in provision for loss on construction contracts,-10235,
  óæ—˜‘§‹y‚Ñóæ”z“–‹à,  Interest and dividend income,-789,
  x•¥—˜‘§,  Interest expenses,4288,
  •ª–@‚É‚æ‚é“Š‘‘¹‰vi¢‚Í‰vj,  Equity in earnings of unconsolidated subsidiaries and affiliates accounted for using equity method,-7674,
  ˆ×‘Ö·‘¹‰vi¢‚Í‰vj,  Foreign currency exchange losses (gain). net,3,
  “Š‘—L‰¿ØŒ””„‹p‘¹‰vi¢‚Í‰vj,  Gain on sales of investment securities. net,,
  ŠÖŒW‰ïĞŠ”®”„‹p‘¹‰vi¢‚Í‰vj,  Gain on sales of subsidiaries and affiliates' stocks,-2079,
  ŒÅ’è‘Yˆ•ª‘¹‰vi¢‚Í‰vj,  Gain on disposal of non-current assets. net,-44,
  óæ•ÛŒ¯‹à,  Insurance claim income,,
  •‰‚Ì‚Ì‚ê‚ñ”­¶‰v,  Gain on bargain purchase,-1317,
  •ª•Ï“®‘¹‰vi¢‚Í‰vj,  Loss (gain) on change in equity,1075,
  ŠCŠO‘—‹à‘¹¸,  Loss from overseas remittance,680,
  ‰ğ‘Ì“P‹ˆø“–‹àŒJ“üŠz,  Provision for demolition and removal,809,
  –‹Æ®—‘¹,  Loss on liquidation of business,719,
  ”„ãÂŒ ‹y‚ÑŒ_–ñ‘Y‚Ì‘Œ¸Šzi¢‚Í‘‰Áj,  Decrease (increase) in accounts receivable - trade. and contract assets,-7890,
  ’I‰µ‘Y‚Ì‘Œ¸Šzi¢‚Í‘‰Áj,  Decrease (increase) in inventories,-5411,
  d“üÂ–±‚Ì‘Œ¸Šzi¢‚ÍŒ¸­j,  Increase (decrease) in trade payables,-27408,
  Œ_–ñ•‰Â‚Ì‘Œ¸Šzi¢‚ÍŒ¸­j,  Increase (decrease) in contract liabilities,1910,
  ‚»‚Ì‘¼‚Ì‘Y‚Ì‘Œ¸Šzi¢‚Í‘‰Áj,  Decrease in other assets,2272,
  ‚»‚Ì‘¼‚Ì•‰Â‚Ì‘Œ¸Šzi¢‚ÍŒ¸­j,  Increase (decrease) in other liabilities,-4902,
  ‚»‚Ì‘¼,  Others. net,-5424,
  ¬Œv,  Sub-total,-30939,
  —˜‘§‹y‚Ñ”z“–‹à‚ÌóæŠz,  Interest and dividend received,1515,
  —˜‘§‚Ìx•¥Šz,  Interest paid,-4439,
  •ÛŒ¯‹à‚ÌóæŠz,  Proceeds from insurance income,,
  –@lÅ“™‚Ìx•¥Šz,  Income taxes paid,-571,
  ‰c‹ÆŠˆ“®‚É‚æ‚éƒLƒƒƒbƒVƒ…Eƒtƒ[,  Net cash provided by (used in) operating activities,-34435,
 “Š‘Šˆ“®‚É‚æ‚éƒLƒƒƒbƒVƒ…Eƒtƒ[, Cash flows from investing activities,,
  ’èŠú—a‹à‚Ìƒ‘Œ¸Šzi¢‚Í‘‰Áj,  Net decrease (increase) in time deposits,455,
  —LŒ`‹y‚Ñ–³Œ`ŒÅ’è‘Y‚Ìæ“¾‚É‚æ‚éxo,  Capital expenditure,-7208,
  —LŒ`‹y‚Ñ–³Œ`ŒÅ’è‘Y‚Ì”„‹p‚É‚æ‚éû“ü,  Proceeds from sales of non-current assets,755,
  “Š‘—L‰¿ØŒ”‚Ì”„‹p‚É‚æ‚éû“ü,  Proceeds from sale of investment securities,,
  ˜AŒ‹‚Ì”ÍˆÍ‚Ì•ÏX‚ğ”º‚¤q‰ïĞŠ”®‚Ìæ“¾‚É‚æ‚éû“ü,  Proceeds from purchase of shares of subsidiaries resulting in change in scope of consolidation,1689,
  ˜AŒ‹‚Ì”ÍˆÍ‚Ì•ÏX‚ğ”º‚¤q‰ïĞŠ”®‚Ì”„‹p‚É‚æ‚éû“ü,  Proceeds from sale of shares of subsidiaries resulting in change in scope of consolidation,,
  ˜AŒ‹‚Ì”ÍˆÍ‚Ì•ÏX‚ğ”º‚¤q‰ïĞŠ”®‚Ì”„‹p‚É‚æ‚éxo,  Payments for sale of shares of subsidiaries resulting in change in scope of consolidation,,
  ŠÖŒW‰ïĞŠ”®‚Ì”„‹p‚É‚æ‚éû“ü,  Proceeds from sales of shares of subsidiaries and affiliates,2155,
  ŠÖŒW‰ïĞo‘‹à‚Ì”„‹p‚É‚æ‚éû“ü,  Proceeds from sales of investments in capital of subsidaries and associates,1721,
  ‘İ•t‚¯‚É‚æ‚éxo,  Disbursements of loans receivable,-16,
  ‘İ•t‹à‚Ì‰ñû‚É‚æ‚éû“ü,  Proceeds from collection of loans receivable,26,
  ‚»‚Ì‘¼,  Others. net,68,
  “Š‘Šˆ“®‚É‚æ‚éƒLƒƒƒbƒVƒ…Eƒtƒ[,  Net cash provided by (used in) investing activities,-354,
 à–±Šˆ“®‚É‚æ‚éƒLƒƒƒbƒVƒ…Eƒtƒ[, Cash flows from financing activities,,
  ’ZŠúØ“ü‹à‚Ìƒ‘Œ¸Šzi¢‚ÍŒ¸­j,  Net decrease in short-term borrowings,34540,
  ’·ŠúØ“ü‚ê‚É‚æ‚éû“ü,  Proceeds from long-term borrowings,300,
  ’·ŠúØ“ü‹à‚Ì•ÔÏ‚É‚æ‚éxo,  Repayments of long-term borrowings,-9375,
  ƒŠ[ƒXÂ–±‚Ì•ÔÏ‚É‚æ‚éxo,  Repayments of lease liabilities,-1767,
  ĞÂ‚ÌŠÒ‚É‚æ‚éxo,  Repayments on bonds,-5000,
  Š”®‚Ì”­s‚É‚æ‚éû“ü,  Proceeds from issuance of shares,,
  VŠ”—\–ñŒ ‚Ì”­s‚É‚æ‚éû“ü,  Proceeds from issuance of share acquisition rights,,
  VŠ”—\–ñŒ ‚Ìsg‚É‚æ‚éŠ”®‚Ì”­s‚É‚æ‚éû“ü,  Proceeds from issuance of shares resulting from exercise of share acquisition rights,6236,
  ”z“–‹à‚Ìx•¥Šz,  Dividends paid,-789,
  ”ñx”zŠ”å‚Ö‚Ì”z“–‹à‚Ìx•¥Šz,  Dividends paid to non-controlling interests,-39,
  ˜AŒ‹‚Ì”ÍˆÍ‚Ì•ÏX‚ğ”º‚í‚È‚¢q‰ïĞŠ”®‚Ì”„‹p‚É‚æ‚éû“ü,  Proceeds from sale of shares of subsidiaries not resulting in change in scope of consolidation,,
  ‚»‚Ì‘¼,  Others. net,4,
  à–±Šˆ“®‚É‚æ‚éƒLƒƒƒbƒVƒ…Eƒtƒ[,  Net cash provided by (used in) financing activities,24110,
 Œ»‹à‹y‚ÑŒ»‹à“¯“™•¨‚ÉŒW‚éŠ·Z·Šz, Effect of exchange rate changes on cash and cash equivalents,727,
 Œ»‹à‹y‚ÑŒ»‹à“¯“™•¨‚Ì‘Œ¸Šzi¢‚ÍŒ¸­j, Net increase (decrease) in cash and cash equivalents,-9951,
 Œ»‹à‹y‚ÑŒ»‹à“¯“™•¨‚ÌŠúñc‚, Cash and cash equivalents at beginning of period,43468,
 Œ»‹à‹y‚ÑŒ»‹à“¯“™•¨‚ÌŠú––c‚, Cash and cash equivalents at end of period,33516,





Šé‹Æ–¼,Š”®‰ïĞOˆäE&S,MITSUI E&S Co., Ltd.
ØŒ”º°ÄŞ,7003
•\–¼Ì,˜AŒ‹‘İØ‘ÎÆ•\



i•S–œ‰~j
2023/03/31Œ»İ
˜AŒ‹‘İØ‘ÎÆ•\,Consolidated balance sheet,,
 ‘Y‚Ì•”, Assets,,
  —¬“®‘Y,  Current assets,,
   Œ»‹à‹y‚Ñ—a‹à,   Cash and time deposits,45803,
   óæèŒ`A”„Š|‹à‹y‚ÑŒ_–ñ‘Y,   Notes and accounts receivable - trade. and contract assets,81850,
   ¤•i‹y‚Ñ»•i,   Merchandise and finished goods,6095,
   dŠ|•i,   Work in progress,46799,
   Œ´Ş—¿‹y‚Ñ’™‘ •i,   Raw materials and supplies,6136,
   ‚»‚Ì‘¼,   Others,26295,
   ‘İ“|ˆø“–‹à,   Allowance for doubtful accounts,-353,
   —¬“®‘Y‡Œv,   Total current assets,212628,
  ŒÅ’è‘Y,  Non-current assets,,
   —LŒ`ŒÅ’è‘Y,   Property. plant and equipment,,
    Œš•¨‹y‚Ñ\’z•¨,    Buildings and structures,115910,
     Œ¸‰¿‹p—İŒvŠz,     Accumulated depreciation,-91461,
     Œš•¨‹y‚Ñ\’z•¨iƒŠzj,     Buildings and structures. net,24449,
    ‹@ŠB‘•’u‹y‚Ñ‰^”À‹ï,    Machinery. equipment and vehicles,69921,
     Œ¸‰¿‹p—İŒvŠz,     Accumulated depreciation,-59817,
     ‹@ŠB‘•’u‹y‚Ñ‰^”À‹ïiƒŠzj,     Machinery. equipment and vehicles. net,10104,
    “y’n,    Land,68544,
    ƒŠ[ƒX‘Y,    Lease assets,12746,
     Œ¸‰¿‹p—İŒvŠz,     Accumulated depreciation,-5035,
     ƒŠ[ƒX‘YiƒŠzj,     Lease assets. net,7711,
    Œšİ‰¼Š¨’è,    Construction in progress,3165,
    ‚»‚Ì‘¼,    Others,12540,
     Œ¸‰¿‹p—İŒvŠz,     Accumulated depreciation,-10748,
     ‚»‚Ì‘¼iƒŠzj,     Others. net,1792,
    —LŒ`ŒÅ’è‘Y‡Œv,    Total property. plant and equipment,115767,
   –³Œ`ŒÅ’è‘Y,   Intangible assets,,
    ‚Ì‚ê‚ñ,    Goodwill,7626,
    ‚»‚Ì‘¼,    Others,7876,
    –³Œ`ŒÅ’è‘Y‡Œv,    Total intangible assets,15502,
   “Š‘‚»‚Ì‘¼‚Ì‘Y,   Investments and other assets,,
    “Š‘—L‰¿ØŒ”,    Investment securities,68802,
    ’·Šú‘İ•t‹à,    Long-term loans,2126,
    ‘ŞE‹‹•t‚ÉŒW‚é‘Y,    Net defined benefit asset,9957,
    ŒJ‰„Å‹à‘Y,    Deferred tax assets,2984,
    ‚»‚Ì‘¼,    Others,12476,
    ‘İ“|ˆø“–‹à,    Allowance for doubtful accounts,-285,
    “Š‘‚»‚Ì‘¼‚Ì‘Y‡Œv,    Total investments and other assets,96061,
   ŒÅ’è‘Y‡Œv,   Total non-current assets,227330,
  ‘Y‡Œv,  Total assets,439959,
 •‰Â‚Ì•”, Liabilities,,
  —¬“®•‰Â,  Current liabilities,,
   x•¥èŒ`‹y‚Ñ”ƒŠ|‹à,   Trade payables,54939,
   ’ZŠúØ“ü‹à,   Short-term borrowings,115245,
   ‚P”N“à•ÔÏ—\’è‚Ì’·ŠúØ“ü‹à,   Current portion of long-term borrowings,9375,
   ‚P”N“àŠÒ—\’è‚ÌĞÂ,   Current portion of bonds,5000,
   ƒŠ[ƒXÂ–±,   Lease liabilities,1863,
   –¢•¥”ï—p,   Accrued expenses,39312,
   –¢•¥–@lÅ“™,   Accrued income taxes,796,
   Œ_–ñ•‰Â,   Contract liabilities,25300,
   •ÛØH–ˆø“–‹à,   Provision for construction warranties,2403,
   ó’H–‘¹¸ˆø“–‹à,   Provision for losses on construction contracts,14025,
   Ü—^ˆø“–‹à,   Provision for bonuses,4059,
   ‚»‚Ì‘¼,   Others,14659,
   —¬“®•‰Â‡Œv,   Total current liabilities,286980,
  ŒÅ’è•‰Â,  Long-term liabilities,,
   ĞÂ,   Bonds,,
   ’·ŠúØ“ü‹à,   Long-term borrowings,11927,
   ƒŠ[ƒXÂ–±,   Lease liabilities,7061,
   ŒJ‰„Å‹à•‰Â,   Deferred tax liabilities,1846,
   Ä•]‰¿‚ÉŒW‚éŒJ‰„Å‹à•‰Â,   Deferred tax liabilities for land revaluation,12241,
   –‹Æ\‘¢‰üŠvˆø“–‹à,   Provision for business restructuring,853,
   ‘ŞE‹‹•t‚ÉŒW‚é•‰Â,   Net defined benefit liabilities,5048,
   ‘Yœ‹Â–±,   Asset retirement obligations,1728,
   ‚»‚Ì‘¼,   Others,1585,
   ŒÅ’è•‰Â‡Œv,   Total long-term liabilities,42293,
  •‰Â‡Œv,  Total liabilities,329273,
 ƒ‘Y‚Ì•”, Net assets,,
  Š”å‘–{,  Shareholders' equity,,
   ‘–{‹à,   Common stock,3829,
   ‘–{è—]‹à,   Capital surplus,10552,
   —˜‰vè—]‹à,   Retained earnings,42292,
   ©ŒÈŠ”®,   Treasury stock,-4632,
   Š”å‘–{‡Œv,   Total shareholders' equity,52042,
  ‚»‚Ì‘¼‚Ì•ïŠ‡—˜‰v—İŒvŠz,  Accumulated other comprehensive income,,
   ‚»‚Ì‘¼—L‰¿ØŒ”•]‰¿·Šz‹à,   Net unrealized holding gains (losses) on securities,48,
   ŒJ‰„ƒwƒbƒW‘¹‰v,   Unrealized losses on hedging derivatives,8309,
   “y’nÄ•]‰¿·Šz‹à,   Revaluation reserve for land,27601,
   ˆ×‘ÖŠ·Z’²®Š¨’è,   Foreign currency translation adjustments,10691,
   ‘ŞE‹‹•t‚ÉŒW‚é’²®—İŒvŠz,   Remeasurements of defined benefit plans,7710,
   ‚»‚Ì‘¼‚Ì•ïŠ‡—˜‰v—İŒvŠz‡Œv,   Total accumulated other comprehensive income,54362,
  VŠ”—\–ñŒ ,  Subscription rights to shares,132,
  ”ñx”zŠ”å•ª,  Non-controlling interests,4148,
  ƒ‘Y‡Œv,  Total net assets,110686,
 •‰Âƒ‘Y‡Œv, Total liabilities and net assets,439959,





Šé‹Æ–¼,Š”®‰ïĞOˆäE&S,MITSUI E&S Co., Ltd.
ØŒ”º°ÄŞ,7003
•\–¼Ì,˜AŒ‹‘¹‰vi‹y‚Ñ•ïŠ‡—˜‰vjŒvZ‘



i•S–œ‰~j
2022/04/01-2023/03/31
˜AŒ‹‘¹‰vŒvZ‘,Consolidated statement of income,,
 ”„ã‚, Net sales,262301,
 ”„ãŒ´‰¿, Cost of sales,225376,
 ”„ã‘—˜‰v, Gross profit,36924,
 ”Ì”„”ï‹y‚Ñˆê”ÊŠÇ—”ï, Selling. general and administrative expenses,27548,
 ‰c‹Æ—˜‰v–”‚Í‰c‹Æ‘¹¸i¢j, Operating profit (loss),9376,
 ‰c‹ÆŠOû‰v, Non-operating income,,
  óæ—˜‘§,  Interest income,384,
  óæ”z“–‹à,  Dividend income,212,
  •ª–@‚É‚æ‚é“Š‘—˜‰v,  Equity in earnings of unconsolidated subsidiaries and affiliates accounted for using equity method,3810,
  ˆ×‘Ö·‰v,  Foreign currency exchange gains,4610,
  ‚»‚Ì‘¼,  Others,1124,
  ‰c‹ÆŠOû‰v‡Œv,  Total non-operating income,10142,
 ‰c‹ÆŠO”ï—p, Non-operating expenses,,
  x•¥—˜‘§,  Interest expenses,2881,
  x•¥è”—¿,  Commission expenses,2420,
  •ª–@‚É‚æ‚é“Š‘‘¹¸,  Share of loss of entities accounted for using equity method,,
  ‚»‚Ì‘¼,  Others,1684,
  ‰c‹ÆŠO”ï—p‡Œv,  Total non-operating expenses,6986,
 Œoí—˜‰v–”‚ÍŒoí‘¹¸i¢j, Ordinary profit (loss),12532,
 “Á•Ê—˜‰v, Extraordinary income,,
  ŒÅ’è‘Yˆ•ª‰v,  Gain on disposal of non-current assets,184,
  “Š‘—L‰¿ØŒ””„‹p‰v,  Gain on sale of investment securities,686,
  ŠÖŒW‰ïĞŠ”®”„‹p‰v,  Gain on sale of subsidiaries and affiliates' stocks,2835,
  “Á•ÊC‘U”ï‰ñûŠz,  Recovery of special repairs expense,,
  ‘ŞE‹‹•tM‘õ•ÔŠÒ‰v,  Gain on return of assets from retirement benefit trust,,
  óæ•ÛŒ¯‹à,  Insurance claim income,1336,
  “Á•Ê—˜‰v‡Œv,  Total extraordinary income,5043,
 “Á•Ê‘¹¸, Extraordinary losses,,
  ŒÅ’è‘Yˆ•ª‘¹,  Loss on disposal of non-current assets,172,
  Œ¸‘¹‘¹¸,  Loss on impairment of non-current assets,,
  “Š‘—L‰¿ØŒ””„‹p‘¹,  Loss on sale of investment securities,,
  ŠÖŒW‰ïĞŠ”®”„‹p‘¹,  Loss on sale of subsidiaries and affiliates' stocks,274,
  —A‘—–ŒÌ‚É‚æ‚é‘¹¸,  Loss on transport accident,1040,
  –‹Æ®—‘¹,  Loss on liquidation of business,107,
  “Á•Ê‘¹¸‡Œv,  Total extraordinary losses,1595,
 Å‹à“™’²®‘O“–Šúƒ—˜‰v–”‚ÍÅ‹à“™’²®‘O“–Šúƒ‘¹¸i¢j, Profit (loss) before income taxes,15980,
 –@lÅAZ–¯Å‹y‚Ñ–‹ÆÅ, Income taxes - current,1371,
 –@lÅ“™’²®Šz, Income taxes - deferred,-1010,
 –@lÅ“™‡Œv, Total income taxes,360,
 “–Šúƒ—˜‰v–”‚Í“–Šúƒ‘¹¸i¢j, Profit (loss),15619,
 ”ñx”zŠ”å‚É‹A‘®‚·‚é“–Šúƒ—˜‰v–”‚Í”ñx”zŠ”å‚É‹A‘®‚·‚é“–Šúƒ‘¹¸i¢j, Profit (loss) attributable to non-controlling interests,65,
 e‰ïĞŠ”å‚É‹A‘®‚·‚é“–Šúƒ—˜‰v–”‚Íe‰ïĞŠ”å‚É‹A‘®‚·‚é“–Šúƒ‘¹¸i¢j, Profit (loss) attributable to owners of parent,15554,
 “–Šúƒ—˜‰v–”‚Í“–Šúƒ‘¹¸i¢j, Profit (loss),15619,
 ‚»‚Ì‘¼‚Ì•ïŠ‡—˜‰v, Other comprehensive income,,
  ‚»‚Ì‘¼—L‰¿ØŒ”•]‰¿·Šz‹à,  Net unrealized holding gains (losses) on securities,-571,
  ŒJ‰„ƒwƒbƒW‘¹‰v,  Unrealized gains (losses) on hedging derivatives,-847,
  ˆ×‘ÖŠ·Z’²®Š¨’è,  Foreign currency translation adjustment,2463,
  ‘ŞE‹‹•t‚ÉŒW‚é’²®Šz,  Remeasurements of defined benefit plans. net of tax,-1110,
  •ª–@“K—p‰ïĞ‚É‘Î‚·‚é•ª‘Š“–Šz,  Share of other comprehensive income of entities accounted for using equity method,21920,
  ‚»‚Ì‘¼‚Ì•ïŠ‡—˜‰v‡Œv,  Total other comprehensive income,21853,
 •ïŠ‡—˜‰v, Comprehensive income,37473,
 i“à–ój, Comprehensive income attributable to,,
  e‰ïĞŠ”å‚ÉŒW‚é•ïŠ‡—˜‰v,  Comprehensive income attributable to owners of parent,37400,
  ”ñx”zŠ”å‚ÉŒW‚é•ïŠ‡—˜‰v,  Comprehensive income attributable to non-controlling interests,72,





Šé‹Æ–¼,Š”®‰ïĞOˆäE&S,MITSUI E&S Co., Ltd.
ØŒ”º°ÄŞ,7003
•\–¼Ì,˜AŒ‹ƒLƒƒƒbƒVƒ…Eƒtƒ[ŒvZ‘



i•S–œ‰~j
2022/04/01-2023/03/31
˜AŒ‹ƒLƒƒƒbƒVƒ…Eƒtƒ[ŒvZ‘,Consolidated statement of cash flows,,
 ‰c‹ÆŠˆ“®‚É‚æ‚éƒLƒƒƒbƒVƒ…Eƒtƒ[, Cash flows from operating activities,,
  Å‹à“™’²®‘O“–Šúƒ—˜‰v–”‚ÍÅ‹à“™’²®‘O“–Šúƒ‘¹¸i¢j,  Profit (loss) before income taxes,15980,
  Œ¸‰¿‹p”ï,  Depreciation and amortization,7043,
  Œ¸‘¹‘¹¸,  Loss on impairment of non-current assets,,
  ‚Ì‚ê‚ñ‹pŠz,  Amortization of goodwill,901,
  ‘İ“|ˆø“–‹à‚Ì‘Œ¸Šzi¢‚ÍŒ¸­j,  Decrease of allowance for doubtful accounts,153,
  ‘ŞE‹‹•t‚ÉŒW‚é•‰Â‚Ì‘Œ¸Šzi¢‚ÍŒ¸­j,  Increase in net defined benefit liabilities,1107,
  ‘ŞE‹‹•t‚ÉŒW‚é‘Y‚Ì‘Œ¸Šzi¢‚Í‘‰Áj,  Decrease in net defined benefit assets,1219,
  ó’H–‘¹¸ˆø“–‹à‚Ì‘Œ¸Šzi¢‚ÍŒ¸­j,  Increase (decrease) in provision for loss on construction contracts,-45523,
  C‘Uˆø“–‹à‚Ì‘Œ¸Šzi¢‚ÍŒ¸­j,  Increase (decrease) in provision for repairs,,
  óæ—˜‘§‹y‚Ñóæ”z“–‹à,  Interest and dividend income,-596,
  x•¥—˜‘§,  Interest expenses,2881,
  •ª–@‚É‚æ‚é“Š‘‘¹‰vi¢‚Í‰vj,  Equity in earnings of unconsolidated subsidiaries and affiliates accounted for using equity method,-3810,
  ˆ×‘Ö·‘¹‰vi¢‚Í‰vj,  Foreign currency exchange losses (gain). net,29,
  “Š‘—L‰¿ØŒ””„‹p‘¹‰vi¢‚Í‰vj,  Gain on sales of investment securities. net,-686,
  ŠÖŒW‰ïĞŠ”®”„‹p‘¹‰vi¢‚Í‰vj,  Gain on sales of subsidiaries and affiliates' stocks,-2561,
  ŒÅ’è‘Yˆ•ª‘¹‰vi¢‚Í‰vj,  Gain on disposal of non-current assets. net,-11,
  óæ•ÛŒ¯‹à,  Insurance claim income,-1336,
  ”„ãÂŒ ‹y‚ÑŒ_–ñ‘Y‚Ì‘Œ¸Šzi¢‚Í‘‰Áj,  Decrease (increase) in trade receivables and contract assets,-6499,
  ’I‰µ‘Y‚Ì‘Œ¸Šzi¢‚Í‘‰Áj,  Decrease (increase) in inventories,-13054,
  d“üÂ–±‚Ì‘Œ¸Šzi¢‚ÍŒ¸­j,  Increase (decrease) in trade payables,44101,
  Œ_–ñ•‰Â‚Ì‘Œ¸Šzi¢‚ÍŒ¸­j,  Increase (decrease) in contract liabilities,-3551,
  ‚»‚Ì‘¼‚Ì‘Y‚Ì‘Œ¸Šzi¢‚Í‘‰Áj,  Decrease in other assets,-1916,
  ‚»‚Ì‘¼‚Ì•‰Â‚Ì‘Œ¸Šzi¢‚ÍŒ¸­j,  Increase (decrease) in other liabilities,-3137,
  ‚»‚Ì‘¼,  Others. net,-2430,
  ¬Œv,  Sub-total,-11699,
  —˜‘§‹y‚Ñ”z“–‹à‚ÌóæŠz,  Interest and dividend received,1143,
  —˜‘§‚Ìx•¥Šz,  Interest paid,-2982,
  •ÛŒ¯‹à‚ÌóæŠz,  Proceeds from insurance income,1336,
  –@lÅ“™‚Ìx•¥Šz,  Income taxes paid,-2842,
  ‰c‹ÆŠˆ“®‚É‚æ‚éƒLƒƒƒbƒVƒ…Eƒtƒ[,  Net cash provided by (used in) operating activities,-15043,
 “Š‘Šˆ“®‚É‚æ‚éƒLƒƒƒbƒVƒ…Eƒtƒ[, Cash flows from investing activities,,
  ’èŠú—a‹à‚Ìƒ‘Œ¸Šzi¢‚Í‘‰Áj,  Net decrease (increase) in time deposits,-1264,
  —LŒ`‹y‚Ñ–³Œ`ŒÅ’è‘Y‚Ìæ“¾‚É‚æ‚éxo,  Capital expenditure,-7393,
  —LŒ`‹y‚Ñ–³Œ`ŒÅ’è‘Y‚Ì”„‹p‚É‚æ‚éû“ü,  Proceeds from sales of non-current assets,843,
  “Š‘—L‰¿ØŒ”‚Ì”„‹p‚É‚æ‚éû“ü,  Proceeds from sale of investment securities,1060,
  ˜AŒ‹‚Ì”ÍˆÍ‚Ì•ÏX‚ğ”º‚¤q‰ïĞŠ”®‚Ì”„‹p‚É‚æ‚éû“ü,  Proceeds from sale of shares of subsidiaries resulting in change in scope of consolidation,3062,
  ˜AŒ‹‚Ì”ÍˆÍ‚Ì•ÏX‚ğ”º‚¤q‰ïĞŠ”®‚Ì”„‹p‚É‚æ‚éxo,  Payments for sale of shares of subsidiaries resulting in change in scope of consolidation,-637,
  ŠÖŒW‰ïĞŠ”®‚Ìæ“¾‚É‚æ‚éxo,  Purchases of shares of subsidiaries and affiliates,,
  ŠÖŒW‰ïĞŠ”®‚Ì”„‹p‚É‚æ‚éû“ü,  Proceeds from sales of shares of subsidiaries and affiliates,543,
  ŠÖŒW‰ïĞo‘‹à‚Ì•¥‚É‚æ‚éxo,  Payments for investments in capital of subsidiaries and affiliates,,
  ‘İ•t‚¯‚É‚æ‚éxo,  Disbursements of loans receivable,-16,
  ‘İ•t‹à‚Ì‰ñû‚É‚æ‚éû“ü,  Proceeds from collection of loans receivable,616,
  –‹Æ÷“n‚É‚æ‚éxo,  Payments for sale of businesses,,
  ‚»‚Ì‘¼,  Others. net,186,
  “Š‘Šˆ“®‚É‚æ‚éƒLƒƒƒbƒVƒ…Eƒtƒ[,  Net cash provided by (used in) investing activities,-2999,
 à–±Šˆ“®‚É‚æ‚éƒLƒƒƒbƒVƒ…Eƒtƒ[, Cash flows from financing activities,,
  ’ZŠúØ“ü‹à‚Ìƒ‘Œ¸Šzi¢‚ÍŒ¸­j,  Net decrease in short-term borrowings,20630,
  ’·ŠúØ“ü‚ê‚É‚æ‚éû“ü,  Proceeds from long-term borrowings,1700,
  ’·ŠúØ“ü‹à‚Ì•ÔÏ‚É‚æ‚éxo,  Repayments of long-term borrowings,-8165,
  ƒŠ[ƒXÂ–±‚Ì•ÔÏ‚É‚æ‚éxo,  Repayments of lease liabilities,-1653,
  ĞÂ‚ÌŠÒ‚É‚æ‚éxo,  Repayments on bonds,-15000,
  Š”®‚Ì”­s‚É‚æ‚éû“ü,  Proceeds from issuance of shares,9000,
  VŠ”—\–ñŒ ‚Ì”­s‚É‚æ‚éû“ü,  Proceeds from issuance of share acquisition rights,52,
  VŠ”—\–ñŒ ‚Ìsg‚É‚æ‚éŠ”®‚Ì”­s‚É‚æ‚éû“ü,  Proceeds from issuance of shares resulting from exercise of share acquisition rights,2269,
  ”ñx”zŠ”å‚Ö‚Ì”z“–‹à‚Ìx•¥Šz,  Dividends paid to non-controlling interests,-95,
  ˜AŒ‹‚Ì”ÍˆÍ‚Ì•ÏX‚ğ”º‚í‚È‚¢q‰ïĞŠ”®‚Ìæ“¾‚É‚æ‚éxo,  Purchase of shares of subsidiaries not resulting in change in scope of consolidation,,
  ˜AŒ‹‚Ì”ÍˆÍ‚Ì•ÏX‚ğ”º‚í‚È‚¢q‰ïĞŠ”®‚Ì”„‹p‚É‚æ‚éû“ü,  Proceeds from sale of shares of subsidiaries not resulting in change in scope of consolidation,747,
  ‚»‚Ì‘¼,  Others. net,31,
  à–±Šˆ“®‚É‚æ‚éƒLƒƒƒbƒVƒ…Eƒtƒ[,  Net cash provided by (used in) financing activities,9515,
 Œ»‹à‹y‚ÑŒ»‹à“¯“™•¨‚ÉŒW‚éŠ·Z·Šz, Effect of exchange rate changes on cash and cash equivalents,1177,
 Œ»‹à‹y‚ÑŒ»‹à“¯“™•¨‚Ì‘Œ¸Šzi¢‚ÍŒ¸­j, Net increase (decrease) in cash and cash equivalents,-7350,
 Œ»‹à‹y‚ÑŒ»‹à“¯“™•¨‚ÌŠúñc‚, Cash and cash equivalents at beginning of period,50818,
 ˜AŒ‹‚Ì”ÍˆÍ‚Ì•ÏX‚É”º‚¤Œ»‹à‹y‚ÑŒ»‹à“¯“™•¨‚Ì‘Œ¸Šzi¢‚ÍŒ¸­j, Increase (decrease) due to changes in scope of consolidation,,
 Œ»‹à‹y‚ÑŒ»‹à“¯“™•¨‚ÌŠú––c‚, Cash and cash equivalents at end of period,43468,





Šé‹Æ–¼,Š”®‰ïĞOˆäE&Sƒz[ƒ‹ƒfƒBƒ“ƒOƒX,Mitsui E&S Holdings Co., Ltd.
ØŒ”º°ÄŞ,7003
•\–¼Ì,˜AŒ‹‘İØ‘ÎÆ•\



i•S–œ‰~j
2022/03/31Œ»İ
˜AŒ‹‘İØ‘ÎÆ•\,Consolidated balance sheet,,
 ‘Y‚Ì•”, Assets,,
  —¬“®‘Y,  Current assets,,
   Œ»‹à‹y‚Ñ—a‹à,   Cash and time deposits,51762,
   óæèŒ`‹y‚Ñ”„Š|‹à,   Trade receivables,,
   óæèŒ`A”„Š|‹à‹y‚ÑŒ_–ñ‘Y,   Notes and accounts receivable - trade. and contract assets,78563,
   ¤•i‹y‚Ñ»•i,   Merchandise and finished goods,5762,
   dŠ|•i,   Work in progress,36561,
   Œ´Ş—¿‹y‚Ñ’™‘ •i,   Raw materials and supplies,4182,
   ’ZŠú‘İ•t‹à,   Short-term loans,17,
   ‚»‚Ì‘¼,   Others,25184,
   ‘İ“|ˆø“–‹à,   Allowance for doubtful accounts,-213,
   —¬“®‘Y‡Œv,   Total current assets,201822,
  ŒÅ’è‘Y,  Non-current assets,,
   —LŒ`ŒÅ’è‘Y,   Property. plant and equipment,,
    Œš•¨‹y‚Ñ\’z•¨,    Buildings and structures,130454,
     Œ¸‰¿‹p—İŒvŠz,     Accumulated depreciation,-103742,
     Œš•¨‹y‚Ñ\’z•¨iƒŠzj,     Buildings and structures. net,26712,
    ‹@ŠB‘•’u‹y‚Ñ‰^”À‹ï,    Machinery. equipment and vehicles,74404,
     Œ¸‰¿‹p—İŒvŠz,     Accumulated depreciation,-63790,
     ‹@ŠB‘•’u‹y‚Ñ‰^”À‹ïiƒŠzj,     Machinery. equipment and vehicles. net,10613,
    “y’n,    Land,70077,
    ƒŠ[ƒX‘Y,    Lease assets,12060,
     Œ¸‰¿‹p—İŒvŠz,     Accumulated depreciation,-4977,
     ƒŠ[ƒX‘YiƒŠzj,     Lease assets. net,7083,
    Œšİ‰¼Š¨’è,    Construction in progress,2159,
    ‚»‚Ì‘¼,    Others,12706,
     Œ¸‰¿‹p—İŒvŠz,     Accumulated depreciation,-11014,
     ‚»‚Ì‘¼iƒŠzj,     Others. net,1691,
    —LŒ`ŒÅ’è‘Y‡Œv,    Total property. plant and equipment,118338,
   –³Œ`ŒÅ’è‘Y,   Intangible assets,,
    ‚Ì‚ê‚ñ,    Goodwill,7995,
    ‚»‚Ì‘¼,    Others,8046,
    –³Œ`ŒÅ’è‘Y‡Œv,    Total intangible assets,16042,
   “Š‘‚»‚Ì‘¼‚Ì‘Y,   Investments and other assets,,
    “Š‘—L‰¿ØŒ”,    Investment securities,43280,
    ’·Šú‘İ•t‹à,    Long-term loans,2129,
    ‘ŞE‹‹•t‚ÉŒW‚é‘Y,    Net defined benefit asset,10916,
    ŒJ‰„Å‹à‘Y,    Deferred tax assets,2670,
    ‚»‚Ì‘¼,    Others,14248,
    ‘İ“|ˆø“–‹à,    Allowance for doubtful accounts,-299,
    “Š‘‚»‚Ì‘¼‚Ì‘Y‡Œv,    Total investments and other assets,72946,
   ŒÅ’è‘Y‡Œv,   Total non-current assets,207327,
  ‘Y‡Œv,  Total assets,409150,
 •‰Â‚Ì•”, Liabilities,,
  —¬“®•‰Â,  Current liabilities,,
   x•¥èŒ`‹y‚Ñ”ƒŠ|‹à,   Trade payables,48705,
   ’ZŠúØ“ü‹à,   Short-term borrowings,94615,
   ‚P”N“à•ÔÏ—\’è‚Ì’·ŠúØ“ü‹à,   Current portion of long-term borrowings,8101,
   ‚P”N“àŠÒ—\’è‚ÌĞÂ,   Current portion of bonds,15000,
   ƒŠ[ƒXÂ–±,   Lease liabilities,1808,
   –¢•¥–@lÅ“™,   Accrued income taxes,1381,
   ‘Oó‹à,   Advances from customers,328,
   Œ_–ñ•‰Â,   Contract liabilities,30901,
   •ÛØH–ˆø“–‹à,   Provision for construction warranties,2779,
   ó’H–‘¹¸ˆø“–‹à,   Provision for losses on construction contracts,59607,
   Ü—^ˆø“–‹à,   Provision for bonuses,4478,
   C‘Uˆø“–‹à,   Provision for repairs,,
   ‘Yœ‹Â–±,   Asset retirement obligations,,
   ‚»‚Ì‘¼,   Others,20802,
   —¬“®•‰Â‡Œv,   Total current liabilities,288510,
  ŒÅ’è•‰Â,  Long-term liabilities,,
   ĞÂ,   Bonds,5000,
   ’·ŠúØ“ü‹à,   Long-term borrowings,19657,
   ƒŠ[ƒXÂ–±,   Lease liabilities,6496,
   ŒJ‰„Å‹à•‰Â,   Deferred tax liabilities,3176,
   Ä•]‰¿‚ÉŒW‚éŒJ‰„Å‹à•‰Â,   Deferred tax liabilities for land revaluation,12242,
   –ğˆõ‘ŞEˆÔ˜Jˆø“–‹à,   Liability for severance and retirement benefits for directors and corporate auditors,,
   –‹Æ\‘¢‰üŠvˆø“–‹à,   Provision for business restructuring,1357,
   ‘ŞE‹‹•t‚ÉŒW‚é•‰Â,   Net defined benefit liabilities,5865,
   ‘Yœ‹Â–±,   Asset retirement obligations,2218,
   ‚»‚Ì‘¼,   Others,1674,
   ŒÅ’è•‰Â‡Œv,   Total long-term liabilities,57690,
  •‰Â‡Œv,  Total liabilities,346200,
 ƒ‘Y‚Ì•”, Net assets,,
  Š”å‘–{,  Shareholders' equity,,
   ‘–{‹à,   Common stock,44384,
   ‘–{è—]‹à,   Capital surplus,18132,
   —˜‰vè—]‹à,   Retained earnings,-33278,
   ©ŒÈŠ”®,   Treasury stock,-4663,
   Š”å‘–{‡Œv,   Total shareholders' equity,24575,
  ‚»‚Ì‘¼‚Ì•ïŠ‡—˜‰v—İŒvŠz,  Accumulated other comprehensive income,,
   ‚»‚Ì‘¼—L‰¿ØŒ”•]‰¿·Šz‹à,   Net unrealized holding gains (losses) on securities,614,
   ŒJ‰„ƒwƒbƒW‘¹‰v,   Unrealized losses on hedging derivatives,-5959,
   “y’nÄ•]‰¿·Šz‹à,   Revaluation reserve for land,27603,
   ˆ×‘ÖŠ·Z’²®Š¨’è,   Foreign currency translation adjustments,2120,
   ‘ŞE‹‹•t‚ÉŒW‚é’²®—İŒvŠz,   Remeasurements of defined benefit plans,8137,
   ‚»‚Ì‘¼‚Ì•ïŠ‡—˜‰v—İŒvŠz‡Œv,   Total accumulated other comprehensive income,32516,
  VŠ”—\–ñŒ ,  Subscription rights to shares,123,
  ”ñx”zŠ”å•ª,  Non-controlling interests,5733,
  ƒ‘Y‡Œv,  Total net assets,62949,
 •‰Âƒ‘Y‡Œv, Total liabilities and net assets,409150,





Šé‹Æ–¼,Š”®‰ïĞOˆäE&Sƒz[ƒ‹ƒfƒBƒ“ƒOƒX,Mitsui E&S Holdings Co., Ltd.
ØŒ”º°ÄŞ,7003
•\–¼Ì,˜AŒ‹‘¹‰vi‹y‚Ñ•ïŠ‡—˜‰vjŒvZ‘



i•S–œ‰~j
2021/04/01-2022/03/31
˜AŒ‹‘¹‰vŒvZ‘,Consolidated statement of income,,
 ”„ã‚, Net sales,579363,
 ”„ãŒ´‰¿, Cost of sales,550610,
 ”„ã‘—˜‰v, Gross profit,28752,
 ”Ì”„”ï‹y‚Ñˆê”ÊŠÇ—”ï, Selling. general and administrative expenses,38782,
 ‰c‹Æ‘¹¸i¢j, Operating loss,-10029,
 ‰c‹ÆŠOû‰v, Non-operating income,,
  óæ—˜‘§,  Interest income,3789,
  óæ”z“–‹à,  Dividend income,117,
  •ª–@‚É‚æ‚é“Š‘—˜‰v,  Equity in earnings of unconsolidated subsidiaries and affiliates accounted for using equity method,,
  ˆ×‘Ö·‰v,  Foreign currency exchange gains,1211,
  ƒfƒŠƒoƒeƒBƒu•]‰¿‰v,  Gain on valuation of derivatives,19,
  ‚»‚Ì‘¼,  Others,1621,
  ‰c‹ÆŠOû‰v‡Œv,  Total non-operating income,6759,
 ‰c‹ÆŠO”ï—p, Non-operating expenses,,
  x•¥—˜‘§,  Interest expenses,2713,
  x•¥è”—¿,  Commission expenses,3821,
  •ª–@‚É‚æ‚é“Š‘‘¹¸,  Share of loss of entities accounted for using equity method,14645,
  ƒfƒŠƒoƒeƒBƒu•]‰¿‘¹,  Loss on valuation of derivatives,,
  ‚»‚Ì‘¼,  Others,1291,
  ‰c‹ÆŠO”ï—p‡Œv,  Total non-operating expenses,22471,
 Œoí‘¹¸i¢j, Ordinary loss,-25742,
 “Á•Ê—˜‰v, Extraordinary income,,
  ŒÅ’è‘Yˆ•ª‰v,  Gain on disposal of non-current assets,2356,
  “Š‘—L‰¿ØŒ””„‹p‰v,  Gain on sale of investment securities,41,
  ŠÖŒW‰ïĞŠ”®”„‹p‰v,  Gain on sale of subsidiaries and affiliates' stocks,6582,
  “Á•ÊC‘U”ï‰ñûŠz,  Recovery of special repairs expense,1316,
  ‘ŞE‹‹•tM‘õ•ÔŠÒ‰v,  Gain on return of assets from retirement benefit trust,1224,
  C‘Uˆø“–‹à–ß“üŠz,  Reversal of provision for repairs,,
  “Á•Ê—˜‰v‡Œv,  Total extraordinary income,11520,
 “Á•Ê‘¹¸, Extraordinary losses,,
  ŒÅ’è‘Yˆ•ª‘¹,  Loss on disposal of non-current assets,381,
  Œ¸‘¹‘¹¸,  Loss on impairment of non-current assets,82,
  “Š‘—L‰¿ØŒ””„‹p‘¹,  Loss on sale of investment securities,136,
  ŠÖŒW‰ïĞŠ”®”„‹p‘¹,  Loss on sale of subsidiaries and affiliates' stocks,2420,
  –‹Æ\‘¢‰üŠv”ï—p,  Business restructuring cost,,
  ‘ŞE‹‹•t”ï—p,  Retirement benefit expenses,,
  ŠÖŒW‰ïĞ´Z‘¹,  Loss on liquidation of subsidiaries and affiliates,,
  “Á•Ê‘¹¸‡Œv,  Total extraordinary losses,3021,
 Å‹à“™’²®‘O“–Šúƒ‘¹¸i¢j, Loss before income taxes,-17243,
 –@lÅAZ–¯Å‹y‚Ñ–‹ÆÅ, Income taxes - current,3373,
 –@lÅ“™’²®Šz, Income taxes - deferred,4501,
 –@lÅ“™‡Œv, Total income taxes,7874,
 “–Šúƒ‘¹¸i¢j, Loss,-25118,
 ”ñx”zŠ”å‚É‹A‘®‚·‚é“–Šúƒ‘¹¸i¢j, Loss attributable to non-controlling interests,-3293,
 e‰ïĞŠ”å‚É‹A‘®‚·‚é“–Šúƒ—˜‰v–”‚Íe‰ïĞŠ”å‚É‹A‘®‚·‚é“–Šúƒ‘¹¸i¢j, Profit (loss) attributable to owners of parent,-21825,
 “–Šúƒ‘¹¸i¢j, Loss,-25118,
 ‚»‚Ì‘¼‚Ì•ïŠ‡—˜‰v, Other comprehensive income,,
  ‚»‚Ì‘¼—L‰¿ØŒ”•]‰¿·Šz‹à,  Net unrealized holding gains (losses) on securities,421,
  ŒJ‰„ƒwƒbƒW‘¹‰v,  Unrealized gains (losses) on hedging derivatives,-1302,
  ˆ×‘ÖŠ·Z’²®Š¨’è,  Foreign currency translation adjustment,5670,
  ‘ŞE‹‹•t‚ÉŒW‚é’²®Šz,  Remeasurements of defined benefit plans. net of tax,2683,
  •ª–@“K—p‰ïĞ‚É‘Î‚·‚é•ª‘Š“–Šz,  Share of other comprehensive income of entities accounted for using equity method,8863,
  ‚»‚Ì‘¼‚Ì•ïŠ‡—˜‰v‡Œv,  Total other comprehensive income,16337,
 •ïŠ‡—˜‰v, Comprehensive income,-8780,
 i“à–ój, Comprehensive income attributable to,,
  e‰ïĞŠ”å‚ÉŒW‚é•ïŠ‡—˜‰v,  Comprehensive income attributable to owners of parent,-6832,
  ”ñx”zŠ”å‚ÉŒW‚é•ïŠ‡—˜‰v,  Comprehensive income attributable to non-controlling interests,-1948,





Šé‹Æ–¼,Š”®‰ïĞOˆäE&Sƒz[ƒ‹ƒfƒBƒ“ƒOƒX,Mitsui E&S Holdings Co., Ltd.
ØŒ”º°ÄŞ,7003
•\–¼Ì,˜AŒ‹ƒLƒƒƒbƒVƒ…Eƒtƒ[ŒvZ‘



i•S–œ‰~j
2021/04/01-2022/03/31
˜AŒ‹ƒLƒƒƒbƒVƒ…Eƒtƒ[ŒvZ‘,Consolidated statement of cash flows,,
 ‰c‹ÆŠˆ“®‚É‚æ‚éƒLƒƒƒbƒVƒ…Eƒtƒ[, Cash flows from operating activities,,
  Å‹à“™’²®‘O“–Šúƒ‘¹¸i¢j,  Loss before income taxes,-17243,
  Œ¸‰¿‹p”ï,  Depreciation and amortization,10649,
  Œ¸‘¹‘¹¸,  Loss on impairment of non-current assets,82,
  ‚Ì‚ê‚ñ‹pŠz,  Amortization of goodwill,1047,
  ‘İ“|ˆø“–‹à‚Ì‘Œ¸Šzi¢‚ÍŒ¸­j,  Decrease of allowance for doubtful accounts,161,
  ‘ŞE‹‹•t‚ÉŒW‚é•‰Â‚Ì‘Œ¸Šzi¢‚ÍŒ¸­j,  Increase in net defined benefit liabilities,3183,
  ‘ŞE‹‹•t‚ÉŒW‚é‘Y‚Ì‘Œ¸Šzi¢‚Í‘‰Áj,  Decrease in net defined benefit assets,438,
  ó’H–‘¹¸ˆø“–‹à‚Ì‘Œ¸Šzi¢‚ÍŒ¸­j,  Increase (decrease) in provision for loss on construction contracts,-12063,
  C‘Uˆø“–‹à‚Ì‘Œ¸Šzi¢‚ÍŒ¸­j,  Increase (decrease) in provision for repairs,417,
  óæ—˜‘§‹y‚Ñóæ”z“–‹à,  Interest and dividend income,-3906,
  x•¥—˜‘§,  Interest expenses,2713,
  •ª–@‚É‚æ‚é“Š‘‘¹‰vi¢‚Í‰vj,  Equity in earnings of unconsolidated subsidiaries and affiliates accounted for using equity method,14645,
  ˆ×‘Ö·‘¹‰vi¢‚Í‰vj,  Foreign currency exchange losses (gain). net,3853,
  “Š‘—L‰¿ØŒ””„‹p‘¹‰vi¢‚Í‰vj,  Gain on sales of investment securities. net,95,
  ŠÖŒW‰ïĞŠ”®”„‹p‘¹‰vi¢‚Í‰vj,  Gain on sales of subsidiaries and affiliates' stocks,-4162,
  ŠÖŒW‰ïĞ´Z‘¹‰vi¢‚Í‰vj,  Gain on liquidation of subsidiaries and affiliates,,
  ŒÅ’è‘Yˆ•ª‘¹‰vi¢‚Í‰vj,  Gain on disposal of non-current assets. net,-1974,
  ”„ãÂŒ ‚Ì‘Œ¸Šzi¢‚Í‘‰Áj,  Decrease in trade receivables,-67371,
  ’I‰µ‘Y‚Ì‘Œ¸Šzi¢‚Í‘‰Áj,  Decrease (increase) in inventories,16861,
  d“üÂ–±‚Ì‘Œ¸Šzi¢‚ÍŒ¸­j,  Increase (decrease) in trade payables,23998,
  ‚»‚Ì‘¼‚Ì‘Y‚Ì‘Œ¸Šzi¢‚Í‘‰Áj,  Decrease in other assets,-4047,
  ‚»‚Ì‘¼‚Ì•‰Â‚Ì‘Œ¸Šzi¢‚ÍŒ¸­j,  Increase (decrease) in other liabilities,10493,
  ‚»‚Ì‘¼,  Others. net,-2634,
  ¬Œv,  Sub-total,-24763,
  —˜‘§‹y‚Ñ”z“–‹à‚ÌóæŠz,  Interest and dividend received,10171,
  —˜‘§‚Ìx•¥Šz,  Interest paid,-2863,
  –@lÅ“™‚ÌŠÒ•tŠz,  Income taxes refund,,
  –@lÅ“™‚Ìx•¥Šz,  Income taxes paid,-2809,
  ‰c‹ÆŠˆ“®‚É‚æ‚éƒLƒƒƒbƒVƒ…Eƒtƒ[,  Net cash provided by (used in) operating activities,-20265,
 “Š‘Šˆ“®‚É‚æ‚éƒLƒƒƒbƒVƒ…Eƒtƒ[, Cash flows from investing activities,,
  ’èŠú—a‹à‚Ìƒ‘Œ¸Šzi¢‚Í‘‰Áj,  Net decrease (increase) in time deposits,-79,
  —LŒ`‹y‚Ñ–³Œ`ŒÅ’è‘Y‚Ìæ“¾‚É‚æ‚éxo,  Capital expenditure,-8980,
  —LŒ`‹y‚Ñ–³Œ`ŒÅ’è‘Y‚Ì”„‹p‚É‚æ‚éû“ü,  Proceeds from sales of non-current assets,10133,
  “Š‘—L‰¿ØŒ”‚Ìæ“¾‚É‚æ‚éxo,  Purchases of investment securities,-1,
  “Š‘—L‰¿ØŒ”‚Ì”„‹p‚É‚æ‚éû“ü,  Proceeds from sale of investment securities,262,
  ˜AŒ‹‚Ì”ÍˆÍ‚Ì•ÏX‚ğ”º‚¤q‰ïĞŠ”®‚Ì”„‹p‚É‚æ‚éû“ü,  Proceeds from sale of shares of subsidiaries resulting in change in scope of consolidation,5941,
  ˜AŒ‹‚Ì”ÍˆÍ‚Ì•ÏX‚ğ”º‚¤q‰ïĞŠ”®‚Ì”„‹p‚É‚æ‚éxo,  Payments for sale of shares of subsidiaries resulting in change in scope of consolidation,-60092,
  ŠÖŒW‰ïĞŠ”®‚Ìæ“¾‚É‚æ‚éxo,  Purchases of shares of subsidiaries and affiliates,-1711,
  ŠÖŒW‰ïĞŠ”®‚Ì”„‹p‚É‚æ‚éû“ü,  Proceeds from sales of shares of subsidiaries and affiliates,2172,
  ŠÖŒW‰ïĞo‘‹à‚Ì•¥‚É‚æ‚éxo,  Payments for investments in capital of subsidiaries and affiliates,-799,
  ‘İ•t‚¯‚É‚æ‚éxo,  Disbursements of loans receivable,-13043,
  ‘İ•t‹à‚Ì‰ñû‚É‚æ‚éû“ü,  Proceeds from collection of loans receivable,366,
  –‹Æ÷“n‚É‚æ‚éxo,  Payments for sale of businesses,-4596,
  ‚»‚Ì‘¼,  Others. net,-496,
  “Š‘Šˆ“®‚É‚æ‚éƒLƒƒƒbƒVƒ…Eƒtƒ[,  Net cash provided by (used in) investing activities,-70923,
 à–±Šˆ“®‚É‚æ‚éƒLƒƒƒbƒVƒ…Eƒtƒ[, Cash flows from financing activities,,
  ’ZŠúØ“ü‹à‚Ìƒ‘Œ¸Šzi¢‚ÍŒ¸­j,  Net decrease in short-term borrowings,28053,
  ’·ŠúØ“ü‚ê‚É‚æ‚éû“ü,  Proceeds from long-term borrowings,15510,
  ’·ŠúØ“ü‹à‚Ì•ÔÏ‚É‚æ‚éxo,  Repayments of long-term borrowings,-25463,
  ƒŠ[ƒXÂ–±‚Ì•ÔÏ‚É‚æ‚éxo,  Repayments of lease liabilities,-2556,
  ƒZ[ƒ‹EƒAƒ“ƒhEƒŠ[ƒXƒoƒbƒN‚É‚æ‚éû“ü,  Proceeds from sale and leaseback transactions,,
  ĞÂ‚ÌŠÒ‚É‚æ‚éxo,  Repayments on bonds,-15000,
  ”ñx”zŠ”å‚Ö‚Ì”z“–‹à‚Ìx•¥Šz,  Dividends paid to non-controlling interests,-1142,
  ˜AŒ‹‚Ì”ÍˆÍ‚Ì•ÏX‚ğ”º‚í‚È‚¢q‰ïĞŠ”®‚Ìæ“¾‚É‚æ‚éxo,  Purchase of shares of subsidiaries not resulting in change in scope of consolidation,-291,
  ˜AŒ‹‚Ì”ÍˆÍ‚Ì•ÏX‚ğ”º‚í‚È‚¢q‰ïĞŠ”®‚Ì”„‹p‚É‚æ‚éû“ü,  Proceeds from sale of shares of subsidiaries not resulting in change in scope of consolidation,1351,
  ‚»‚Ì‘¼,  Others. net,345,
  à–±Šˆ“®‚É‚æ‚éƒLƒƒƒbƒVƒ…Eƒtƒ[,  Net cash provided by (used in) financing activities,806,
 Œ»‹à‹y‚ÑŒ»‹à“¯“™•¨‚ÉŒW‚éŠ·Z·Šz, Effect of exchange rate changes on cash and cash equivalents,5658,
 Œ»‹à‹y‚ÑŒ»‹à“¯“™•¨‚Ì‘Œ¸Šzi¢‚ÍŒ¸­j, Net increase (decrease) in cash and cash equivalents,-84724,
 Œ»‹à‹y‚ÑŒ»‹à“¯“™•¨‚ÌŠúñc‚, Cash and cash equivalents at beginning of period,135482,
 ˜AŒ‹‚Ì”ÍˆÍ‚Ì•ÏX‚É”º‚¤Œ»‹à‹y‚ÑŒ»‹à“¯“™•¨‚Ì‘Œ¸Šzi¢‚ÍŒ¸­j, Increase (decrease) due to changes in scope of consolidation,60,
 Œ»‹à‹y‚ÑŒ»‹à“¯“™•¨‚ÌŠú––c‚, Cash and cash equivalents at end of period,50818,





Šé‹Æ–¼,Š”®‰ïĞOˆäE&Sƒz[ƒ‹ƒfƒBƒ“ƒOƒX,Mitsui E&S Holdings Co., Ltd.
ØŒ”º°ÄŞ,7003
•\–¼Ì,˜AŒ‹‘İØ‘ÎÆ•\



i•S–œ‰~j
2021/03/31Œ»İ
˜AŒ‹‘İØ‘ÎÆ•\,Consolidated balance sheet,,
 ‘Y‚Ì•”, Assets,,
  —¬“®‘Y,  Current assets,,
   Œ»‹à‹y‚Ñ—a‹à,   Cash and time deposits,137647,
   óæèŒ`‹y‚Ñ”„Š|‹à,   Trade receivables,233955,
   ¤•i‹y‚Ñ»•i,   Merchandise and finished goods,5925,
   dŠ|•i,   Work in progress,55287,
   Œ´Ş—¿‹y‚Ñ’™‘ •i,   Raw materials and supplies,4231,
   ’ZŠú‘İ•t‹à,   Short-term loans,1745,
   ‚»‚Ì‘¼,   Others,41772,
   ‘İ“|ˆø“–‹à,   Allowance for doubtful accounts,-1498,
   —¬“®‘Y‡Œv,   Total current assets,479067,
  ŒÅ’è‘Y,  Non-current assets,,
   —LŒ`ŒÅ’è‘Y,   Property. plant and equipment,,
    Œš•¨‹y‚Ñ\’z•¨,    Buildings and structures,135035,
     Œ¸‰¿‹p—İŒvŠz,     Accumulated depreciation,-108178,
     Œš•¨‹y‚Ñ\’z•¨iƒŠzj,     Buildings and structures. net,26857,
    ‹@ŠB‘•’u‹y‚Ñ‰^”À‹ï,    Machinery. equipment and vehicles,117779,
     Œ¸‰¿‹p—İŒvŠz,     Accumulated depreciation,-98709,
     ‹@ŠB‘•’u‹y‚Ñ‰^”À‹ïiƒŠzj,     Machinery. equipment and vehicles. net,19069,
    “y’n,    Land,70959,
    ƒŠ[ƒX‘Y,    Lease assets,17235,
     Œ¸‰¿‹p—İŒvŠz,     Accumulated depreciation,-7990,
     ƒŠ[ƒX‘YiƒŠzj,     Lease assets. net,9244,
    Œšİ‰¼Š¨’è,    Construction in progress,2337,
    ‚»‚Ì‘¼,    Others,17224,
     Œ¸‰¿‹p—İŒvŠz,     Accumulated depreciation,-14545,
     ‚»‚Ì‘¼iƒŠzj,     Others. net,2679,
    —LŒ`ŒÅ’è‘Y‡Œv,    Total property. plant and equipment,131146,
   –³Œ`ŒÅ’è‘Y,   Intangible assets,,
    ‚Ì‚ê‚ñ,    Goodwill,9631,
    ‚»‚Ì‘¼,    Others,17769,
    –³Œ`ŒÅ’è‘Y‡Œv,    Total intangible assets,27400,
   “Š‘‚»‚Ì‘¼‚Ì‘Y,   Investments and other assets,,
    “Š‘—L‰¿ØŒ”,    Investment securities,51587,
    ’·Šú‘İ•t‹à,    Long-term loans,39963,
    ‘ŞE‹‹•t‚ÉŒW‚é‘Y,    Net defined benefit asset,8326,
    ŒJ‰„Å‹à‘Y,    Deferred tax assets,11634,
    ‚»‚Ì‘¼,    Others,17666,
    ‘İ“|ˆø“–‹à,    Allowance for doubtful accounts,-342,
    “Š‘‚»‚Ì‘¼‚Ì‘Y‡Œv,    Total investments and other assets,128835,
   ŒÅ’è‘Y‡Œv,   Total non-current assets,287382,
  ‘Y‡Œv,  Total assets,766449,
 •‰Â‚Ì•”, Liabilities,,
  —¬“®•‰Â,  Current liabilities,,
   x•¥èŒ`‹y‚Ñ”ƒŠ|‹à,   Trade payables,215208,
   ’ZŠúØ“ü‹à,   Short-term borrowings,70852,
   ‚P”N“à•ÔÏ—\’è‚Ì’·ŠúØ“ü‹à,   Current portion of long-term borrowings,20713,
   ‚P”N“àŠÒ—\’è‚ÌĞÂ,   Current portion of bonds,15000,
   ƒŠ[ƒXÂ–±,   Lease obligations,3000,
   –¢•¥–@lÅ“™,   Accrued income taxes,6490,
   ‘Oó‹à,   Advances from customers,94345,
   •ÛØH–ˆø“–‹à,   Provision for construction warranties,10823,
   ó’H–‘¹¸ˆø“–‹à,   Provision for losses on construction contracts,77043,
   C‘Uˆø“–‹à,   Provision for repairs,3731,
   ‘Yœ‹Â–±,   Asset retirement obligations,4,
   ‚»‚Ì‘¼,   Others,42029,
   —¬“®•‰Â‡Œv,   Total current liabilities,559244,
  ŒÅ’è•‰Â,  Long-term liabilities,,
   ĞÂ,   Bonds,20000,
   ’·ŠúØ“ü‹à,   Long-term borrowings,37964,
   ƒŠ[ƒXÂ–±,   Lease obligations,7405,
   ŒJ‰„Å‹à•‰Â,   Deferred tax liabilities,2421,
   Ä•]‰¿‚ÉŒW‚éŒJ‰„Å‹à•‰Â,   Deferred tax liabilities for land revaluation,12244,
   –ğˆõ‘ŞEˆÔ˜Jˆø“–‹à,   Liability for severance and retirement benefits for directors and corporate auditors,20,
   –‹Æ\‘¢‰üŠvˆø“–‹à,   Provision for business restructuring,1879,
   ‘ŞE‹‹•t‚ÉŒW‚é•‰Â,   Net defined benefit liabilities,8052,
   ‘Yœ‹Â–±,   Asset retirement obligations,2368,
   ‚»‚Ì‘¼,   Others,18947,
   ŒÅ’è•‰Â‡Œv,   Total long-term liabilities,111303,
  •‰Â‡Œv,  Total liabilities,670548,
 ƒ‘Y‚Ì•”, Net assets,,
  Š”å‘–{,  Shareholders' equity,,
   ‘–{‹à,   Common stock,44384,
   ‘–{è—]‹à,   Capital surplus,18396,
   —˜‰vè—]‹à,   Retained earnings,-8596,
   ©ŒÈŠ”®,   Treasury stock,-4696,
   Š”å‘–{‡Œv,   Total shareholders' equity,49488,
  ‚»‚Ì‘¼‚Ì•ïŠ‡—˜‰v—İŒvŠz,  Accumulated other comprehensive income,,
   ‚»‚Ì‘¼—L‰¿ØŒ”•]‰¿·Šz‹à,   Net unrealized holding gains (losses) on securities,193,
   ŒJ‰„ƒwƒbƒW‘¹‰v,   Unrealized losses on hedging derivatives,-9174,
   “y’nÄ•]‰¿·Šz‹à,   Revaluation reserve for land,27609,
   ˆ×‘ÖŠ·Z’²®Š¨’è,   Foreign currency translation adjustments,-5930,
   ‘ŞE‹‹•t‚ÉŒW‚é’²®—İŒvŠz,   Remeasurements of defined benefit plans,5321,
   ‚»‚Ì‘¼‚Ì•ïŠ‡—˜‰v—İŒvŠz‡Œv,   Total accumulated other comprehensive income,18019,
  VŠ”—\–ñŒ ,  Subscription rights to shares,151,
  ”ñx”zŠ”å•ª,  Non-controlling interests,28241,
  ƒ‘Y‡Œv,  Total net assets,95901,
 •‰Âƒ‘Y‡Œv, Total liabilities and net assets,766449,





Šé‹Æ–¼,Š”®‰ïĞOˆäE&Sƒz[ƒ‹ƒfƒBƒ“ƒOƒX,Mitsui E&S Holdings Co., Ltd.
ØŒ”º°ÄŞ,7003
•\–¼Ì,˜AŒ‹‘¹‰vi‹y‚Ñ•ïŠ‡—˜‰vjŒvZ‘



i•S–œ‰~j
2020/04/01-2021/03/31
˜AŒ‹‘¹‰vŒvZ‘,Consolidated statement of income,,
 ”„ã‚, Net sales,663834,
 ”„ãŒ´‰¿, Cost of sales,632967,
 ”„ã‘—˜‰v–”‚Í”„ã‘‘¹¸i¢j, Gross profit (loss),30867,
 ”Ì”„”ï‹y‚Ñˆê”ÊŠÇ—”ï, Selling. general and administrative expenses,43111,
 ‰c‹Æ‘¹¸i¢j, Operating loss,-12243,
 ‰c‹ÆŠOû‰v, Non-operating income,,
  óæ—˜‘§,  Interest income,4586,
  óæ”z“–‹à,  Dividend income,190,
  •ª–@‚É‚æ‚é“Š‘—˜‰v,  Equity in earnings of unconsolidated subsidiaries and affiliates accounted for using equity method,3316,
  ˆ×‘Ö·‰v,  Foreign currency exchange gains,479,
  ‚»‚Ì‘¼,  Others,2500,
  ‰c‹ÆŠOû‰v‡Œv,  Total non-operating income,11071,
 ‰c‹ÆŠO”ï—p, Non-operating expenses,,
  x•¥—˜‘§,  Interest expenses,2786,
  x•¥è”—¿,  Commission expenses,2983,
  ˆ×‘Ö·‘¹,  Foreign currency exchange losses,,
  ƒfƒŠƒoƒeƒBƒu•]‰¿‘¹,  Loss on valuation of derivatives,138,
  ‚»‚Ì‘¼,  Others,1143,
  ‰c‹ÆŠO”ï—p‡Œv,  Total non-operating expenses,7051,
 Œoí‘¹¸i¢j, Ordinary loss,-8223,
 “Á•Ê—˜‰v, Extraordinary income,,
  ŒÅ’è‘Yˆ•ª‰v,  Gain on disposal of non-current assets,654,
  “Š‘—L‰¿ØŒ””„‹p‰v,  Gain on sale of investment securities,1775,
  ŠÖŒW‰ïĞŠ”®”„‹p‰v,  Gain on sale of subsidiaries and affiliates' stocks,2334,
  ŠÖŒW‰ïĞ´Z‰v,  Gain on liquidation of subsidiaries and affiliates,,
  óæ•ÛŒ¯‹à,  Insurance income,,
  óæ•â‹à,  Compensation income,,
  C‘Uˆø“–‹à–ß“üŠz,  Reversal of provision for repairs,1552,
  “Á•Ê—˜‰v‡Œv,  Total extraordinary income,6316,
 “Á•Ê‘¹¸, Extraordinary losses,,
  ŒÅ’è‘Yˆ•ª‘¹,  Loss on disposal of non-current assets,1037,
  Œ¸‘¹‘¹¸,  Loss on impairment of non-current assets,2381,
  ĞŠQ‚É‚æ‚é‘¹¸,  Loss on disaster,,
  “Š‘—L‰¿ØŒ””„‹p‘¹,  Loss on sale of investment securities,,
  ŠÖŒW‰ïĞŠ”®”„‹p‘¹,  Loss on sale of subsidiaries and affiliates' stocks,1919,
  “Š‘—L‰¿ØŒ”•]‰¿‘¹,  Loss on valuation of investment securities,,
  ŠÖŒW‰ïĞŠ”®•]‰¿‘¹,  Loss on valuation of shares of subsidiaries and affiliates,,
  –‹Æ\‘¢‰üŠv”ï—p,  Business restructuring cost,1204,
  ‘ŞE‹‹•t§“xˆê•”I—¹‘¹,  Loss on partial abolition of retirement benefit plan,,
  “Á•ÊC‘U”ï,  Extraordinary repair expenses,,
  ‘ŞE‹‹•t”ï—p,  Retirement benefit expenses,818,
  ŠÖŒW‰ïĞ´Z‘¹,  Loss on liquidation of subsidiaries and affiliates,395,
  “Á•Ê‘¹¸‡Œv,  Total extraordinary losses,7757,
 Å‹à“™’²®‘O“–Šúƒ‘¹¸i¢j, Loss before income taxes,-9664,
 –@lÅAZ–¯Å‹y‚Ñ–‹ÆÅ, Income taxes - current,3251,
 –@lÅ“™’²®Šz, Income taxes - deferred,-4686,
 –@lÅ“™‡Œv, Total income taxes,-1435,
 “–Šúƒ‘¹¸i¢j, Loss,-8228,
 ”ñx”zŠ”å‚É‹A‘®‚·‚é“–Šúƒ‘¹¸i¢j, Loss attributable to non-controlling interests,-8363,
 e‰ïĞŠ”å‚É‹A‘®‚·‚é“–Šúƒ—˜‰v–”‚Íe‰ïĞŠ”å‚É‹A‘®‚·‚é“–Šúƒ‘¹¸i¢j, Profit (loss) attributable to owners of parent,134,
 “–Šúƒ‘¹¸i¢j, Loss,-8228,
 ‚»‚Ì‘¼‚Ì•ïŠ‡—˜‰v, Other comprehensive income,,
  ‚»‚Ì‘¼—L‰¿ØŒ”•]‰¿·Šz‹à,  Net unrealized holding gains (losses) on securities,215,
  ŒJ‰„ƒwƒbƒW‘¹‰v,  Unrealized gains (losses) on hedging derivatives,4766,
  ˆ×‘ÖŠ·Z’²®Š¨’è,  Foreign currency translation adjustment,-4210,
  ‘ŞE‹‹•t‚ÉŒW‚é’²®Šz,  Remeasurements of defined benefit plans. net of tax,5963,
  •ª–@“K—p‰ïĞ‚É‘Î‚·‚é•ª‘Š“–Šz,  Share of other comprehensive income of entities accounted for using equity method,-5503,
  ‚»‚Ì‘¼‚Ì•ïŠ‡—˜‰v‡Œv,  Total other comprehensive income,1232,
 •ïŠ‡—˜‰v, Comprehensive income,-6995,
 i“à–ój, Comprehensive income attributable to,,
  e‰ïĞŠ”å‚ÉŒW‚é•ïŠ‡—˜‰v,  Comprehensive income attributable to owners of parent,3344,
  ”ñx”zŠ”å‚ÉŒW‚é•ïŠ‡—˜‰v,  Comprehensive income attributable to non-controlling interests,-10340,





Šé‹Æ–¼,Š”®‰ïĞOˆäE&Sƒz[ƒ‹ƒfƒBƒ“ƒOƒX,Mitsui E&S Holdings Co., Ltd.
ØŒ”º°ÄŞ,7003
•\–¼Ì,˜AŒ‹ƒLƒƒƒbƒVƒ…Eƒtƒ[ŒvZ‘



i•S–œ‰~j
2020/04/01-2021/03/31
˜AŒ‹ƒLƒƒƒbƒVƒ…Eƒtƒ[ŒvZ‘,Consolidated statement of cash flows,,
 ‰c‹ÆŠˆ“®‚É‚æ‚éƒLƒƒƒbƒVƒ…Eƒtƒ[, Cash flows from operating activities,,
  Å‹à“™’²®‘O“–Šúƒ‘¹¸i¢j,  Loss before income taxes,-9664,
  Œ¸‰¿‹p”ï,  Depreciation and amortization,12745,
  Œ¸‘¹‘¹¸,  Loss on impairment of non-current assets,2381,
  ‚Ì‚ê‚ñ‹pŠz,  Amortization of goodwill,1099,
  ‘İ“|ˆø“–‹à‚Ì‘Œ¸Šzi¢‚ÍŒ¸­j,  Decrease of allowance for doubtful accounts,260,
  ‘ŞE‹‹•t‚ÉŒW‚é•‰Â‚Ì‘Œ¸Šzi¢‚ÍŒ¸­j,  Increase in net defined benefit liabilities,3128,
  ‘ŞE‹‹•t‚ÉŒW‚é‘Y‚Ì‘Œ¸Šzi¢‚Í‘‰Áj,  Decrease in net defined benefit assets,1058,
  ó’H–‘¹¸ˆø“–‹à‚Ì‘Œ¸Šzi¢‚ÍŒ¸­j,  Increase (decrease) in provision for loss on construction contracts,-20789,
  C‘Uˆø“–‹à‚Ì‘Œ¸Šzi¢‚ÍŒ¸­j,  Increase (decrease) in provision for repairs,-6841,
  óæ—˜‘§‹y‚Ñóæ”z“–‹à,  Interest and dividend income,-4776,
  x•¥—˜‘§,  Interest expenses,2786,
  •ª–@‚É‚æ‚é“Š‘‘¹‰vi¢‚Í‰vj,  Equity in earnings of unconsolidated subsidiaries and affiliates accounted for using equity method,-3316,
  ˆ×‘Ö·‘¹‰vi¢‚Í‰vj,  Foreign currency exchange losses (gain). net,-5811,
  “Š‘—L‰¿ØŒ””„‹p‘¹‰vi¢‚Í‰vj,  Gain on sales of investment securities. net,-1775,
  ŠÖŒW‰ïĞŠ”®”„‹p‘¹‰vi¢‚Í‰vj,  Gain on sales of subsidiaries and affiliates' stocks,-415,
  “Š‘—L‰¿ØŒ”•]‰¿‘¹‰vi¢‚Í‰vj,  Loss on valuation of investment securities,,
  ŠÖŒW‰ïĞ´Z‘¹‰vi¢‚Í‰vj,  Gain on liquidation of subsidiaries and affiliates,395,
  ŒÅ’è‘Yˆ•ª‘¹‰vi¢‚Í‰vj,  Gain on disposal of non-current assets. net,383,
  ĞŠQ‘¹¸,  Loss on disaster,,
  óæ•ÛŒ¯‹à,  Insurance claim income,,
  ”„ãÂŒ ‚Ì‘Œ¸Šzi¢‚Í‘‰Áj,  Decrease in trade receivables,45608,
  ‚½‚È‰µ‘Y‚Ì‘Œ¸Šzi¢‚Í‘‰Áj,  Decrease (increase) in inventories,-10173,
  d“üÂ–±‚Ì‘Œ¸Šzi¢‚ÍŒ¸­j,  Increase (decrease) in trade payables,-10787,
  ‚»‚Ì‘¼‚Ì‘Y‚Ì‘Œ¸Šzi¢‚Í‘‰Áj,  Decrease in other assets,-5891,
  ‚»‚Ì‘¼‚Ì•‰Â‚Ì‘Œ¸Šzi¢‚ÍŒ¸­j,  Increase (decrease) in other liabilities,6888,
  ‚»‚Ì‘¼,  Others. net,-90,
  ¬Œv,  Sub-total,-3595,
  —˜‘§‹y‚Ñ”z“–‹à‚ÌóæŠz,  Interest and dividend received,13505,
  —˜‘§‚Ìx•¥Šz,  Interest paid,-2850,
  ĞŠQ‘¹¸‚Ìx•¥Šz,  Payments associated with disaster loss,,
  •ÛŒ¯‹à‚ÌóæŠz,  Proceeds from insurance income,,
  –@lÅ“™‚ÌŠÒ•tŠz,  Income taxes refund,418,
  –@lÅ“™‚Ìx•¥Šz,  Income taxes paid,,
  ‰c‹ÆŠˆ“®‚É‚æ‚éƒLƒƒƒbƒVƒ…Eƒtƒ[,  Net cash provided by (used in) operating activities,7478,
 “Š‘Šˆ“®‚É‚æ‚éƒLƒƒƒbƒVƒ…Eƒtƒ[, Cash flows from investing activities,,
  ’èŠú—a‹à‚Ìƒ‘Œ¸Šzi¢‚Í‘‰Áj,  Net decrease (increase) in time deposits,626,
  —LŒ`‹y‚Ñ–³Œ`ŒÅ’è‘Y‚Ìæ“¾‚É‚æ‚éxo,  Capital expenditure,-12719,
  —LŒ`‹y‚Ñ–³Œ`ŒÅ’è‘Y‚Ì”„‹p‚É‚æ‚éû“ü,  Proceeds from sales of non-current assets,18401,
  “Š‘—L‰¿ØŒ”‚Ìæ“¾‚É‚æ‚éxo,  Purchases of investment securities,-1,
  “Š‘—L‰¿ØŒ”‚Ì”„‹p‚É‚æ‚éû“ü,  Proceeds from sale of investment securities,3022,
  ˜AŒ‹‚Ì”ÍˆÍ‚Ì•ÏX‚ğ”º‚¤q‰ïĞŠ”®‚Ì”„‹p‚É‚æ‚éû“ü,  Proceeds from sale of shares of subsidiaries resulting in change in scope of consolidation,3260,
  ŠÖŒW‰ïĞŠ”®‚Ìæ“¾‚É‚æ‚éxo,  Purchases of shares of subsidiaries and affiliates,-563,
  ŠÖŒW‰ïĞŠ”®‚Ì”„‹p‚É‚æ‚éû“ü,  Proceeds from sales of shares of subsidiaries and affiliates,74,
  ŠÖŒW‰ïĞo‘‹à‚Ì•¥‚É‚æ‚éxo,  Payments for investments in capital of subsidiaries and affiliates,-675,
  ‘İ•t‚¯‚É‚æ‚éxo,  Disbursements of loans receivable,-18085,
  ‘İ•t‹à‚Ì‰ñû‚É‚æ‚éû“ü,  Proceeds from collection of loans receivable,29171,
  ‚»‚Ì‘¼,  Others. net,-1397,
  “Š‘Šˆ“®‚É‚æ‚éƒLƒƒƒbƒVƒ…Eƒtƒ[,  Net cash provided by (used in) investing activities,21115,
 à–±Šˆ“®‚É‚æ‚éƒLƒƒƒbƒVƒ…Eƒtƒ[, Cash flows from financing activities,,
  ’ZŠúØ“ü‹à‚Ìƒ‘Œ¸Šzi¢‚ÍŒ¸­j,  Net decrease in short-term borrowings,40918,
  ’·ŠúØ“ü‚ê‚É‚æ‚éû“ü,  Proceeds from long-term borrowings,1300,
  ’·ŠúØ“ü‹à‚Ì•ÔÏ‚É‚æ‚éxo,  Repayments of long-term borrowings,-41100,
  ƒŠ[ƒXÂ–±‚Ì•ÔÏ‚É‚æ‚éxo,  Repayments of lease obligations,-3746,
  ƒZ[ƒ‹EƒAƒ“ƒhEƒŠ[ƒXƒoƒbƒN‚É‚æ‚éû“ü,  Proceeds from sale and leaseback transactions,1407,
  ĞÂ‚ÌŠÒ‚É‚æ‚éxo,  Repayments on bonds,-5000,
  ”ñx”zŠ”å‚Ö‚Ì”z“–‹à‚Ìx•¥Šz,  Dividends paid to non-controlling interests,-1375,
  ‚»‚Ì‘¼,  Others. net,781,
  à–±Šˆ“®‚É‚æ‚éƒLƒƒƒbƒVƒ…Eƒtƒ[,  Net cash provided by (used in) financing activities,-6813,
 Œ»‹à‹y‚ÑŒ»‹à“¯“™•¨‚ÉŒW‚éŠ·Z·Šz, Effect of exchange rate changes on cash and cash equivalents,-2984,
 Œ»‹à‹y‚ÑŒ»‹à“¯“™•¨‚Ì‘Œ¸Šzi¢‚ÍŒ¸­j, Net increase (decrease) in cash and cash equivalents,18794,
 Œ»‹à‹y‚ÑŒ»‹à“¯“™•¨‚ÌŠúñc‚, Cash and cash equivalents at beginning of period,116691,
 ˜AŒ‹‚Ì”ÍˆÍ‚Ì•ÏX‚É”º‚¤Œ»‹à‹y‚ÑŒ»‹à“¯“™•¨‚Ì‘Œ¸Šzi¢‚ÍŒ¸­j, Increase (decrease) due to changes in scope of consolidation,-3,
 Œ»‹à‹y‚ÑŒ»‹à“¯“™•¨‚ÌŠú––c‚, Cash and cash equivalents at end of period,135482,





Šé‹Æ–¼,Š”®‰ïĞOˆäE&Sƒz[ƒ‹ƒfƒBƒ“ƒOƒX,Mitsui E&S Holdings Co., Ltd.
ØŒ”º°ÄŞ,7003
•\–¼Ì,˜AŒ‹‘İØ‘ÎÆ•\



i•S–œ‰~j
2020/03/31Œ»İ
˜AŒ‹‘İØ‘ÎÆ•\,Consolidated balance sheet,,
 ‘Y‚Ì•”, Assets,,
  —¬“®‘Y,  Current assets,,
   Œ»‹à‹y‚Ñ—a‹à,   Cash and time deposits,118405,
   óæèŒ`‹y‚Ñ”„Š|‹à,   Trade receivables,282368,
   ¤•i‹y‚Ñ»•i,   Merchandise and finished goods,4714,
   dŠ|•i,   Work in progress,46165,
   Œ´Ş—¿‹y‚Ñ’™‘ •i,   Raw materials and supplies,5505,
   ’ZŠú‘İ•t‹à,   Short-term loans,9593,
   ‚»‚Ì‘¼,   Others,50259,
   ‘İ“|ˆø“–‹à,   Allowance for doubtful accounts,-1185,
   —¬“®‘Y‡Œv,   Total current assets,515827,
  ŒÅ’è‘Y,  Non-current assets,,
   —LŒ`ŒÅ’è‘Y,   Property. plant and equipment,,
    Œš•¨‹y‚Ñ\’z•¨,    Buildings and structures,134796,
     Œ¸‰¿‹p—İŒvŠz,     Accumulated depreciation,-107778,
     Œš•¨‹y‚Ñ\’z•¨iƒŠzj,     Buildings and structures. net,27017,
    ‹@ŠB‘•’u‹y‚Ñ‰^”À‹ï,    Machinery. equipment and vehicles,131102,
     Œ¸‰¿‹p—İŒvŠz,     Accumulated depreciation,-107242,
     ‹@ŠB‘•’u‹y‚Ñ‰^”À‹ïiƒŠzj,     Machinery. equipment and vehicles. net,23860,
    “y’n,    Land,90261,
    ƒŠ[ƒX‘Y,    Lease assets,19265,
     Œ¸‰¿‹p—İŒvŠz,     Accumulated depreciation,-8348,
     ƒŠ[ƒX‘YiƒŠzj,     Lease assets. net,10916,
    Œšİ‰¼Š¨’è,    Construction in progress,4615,
    ‚»‚Ì‘¼,    Others,17971,
     Œ¸‰¿‹p—İŒvŠz,     Accumulated depreciation,-15084,
     ‚»‚Ì‘¼iƒŠzj,     Others. net,2887,
    —LŒ`ŒÅ’è‘Y‡Œv,    Total property. plant and equipment,159559,
   –³Œ`ŒÅ’è‘Y,   Intangible assets,,
    ‚Ì‚ê‚ñ,    Goodwill,10061,
    ‚»‚Ì‘¼,    Others,18180,
    –³Œ`ŒÅ’è‘Y‡Œv,    Total intangible assets,28242,
   “Š‘‚»‚Ì‘¼‚Ì‘Y,   Investments and other assets,,
    “Š‘—L‰¿ØŒ”,    Investment securities,57944,
    ’·Šú‘İ•t‹à,    Long-term loans,41037,
    ‘ŞE‹‹•t‚ÉŒW‚é‘Y,    Net defined benefit asset,6499,
    ŒJ‰„Å‹à‘Y,    Deferred tax assets,14219,
    ‚»‚Ì‘¼,    Others,17478,
    ‘İ“|ˆø“–‹à,    Allowance for doubtful accounts,-427,
    “Š‘‚»‚Ì‘¼‚Ì‘Y‡Œv,    Total investments and other assets,136751,
   ŒÅ’è‘Y‡Œv,   Total non-current assets,324552,
  ‘Y‡Œv,  Total assets,840380,
 •‰Â‚Ì•”, Liabilities,,
  —¬“®•‰Â,  Current liabilities,,
   x•¥èŒ`‹y‚Ñ”ƒŠ|‹à,   Trade payables,238241,
   ’ZŠúØ“ü‹à,   Short-term borrowings,34670,
   1”N“à•ÔÏ—\’è‚Ì’·ŠúØ“ü‹à,   Current portion of long-term borrowings,40245,
   1”N“àŠÒ—\’è‚ÌĞÂ,   Current portion of bonds,5000,
   ƒŠ[ƒXÂ–±,   Lease obligations,5393,
   –¢•¥–@lÅ“™,   Accrued income taxes,7803,
   ‘Oó‹à,   Advances from customers,83983,
   •ÛØH–ˆø“–‹à,   Provision for construction warranties,11389,
   ó’H–‘¹¸ˆø“–‹à,   Provision for losses on construction contracts,98505,
   C‘Uˆø“–‹à,   Provision for repairs,10573,
   ‘Yœ‹Â–±,   Asset retirement obligations,10,
   ‚»‚Ì‘¼,   Others,45939,
   —¬“®•‰Â‡Œv,   Total current liabilities,581756,
  ŒÅ’è•‰Â,  Long-term liabilities,,
   ĞÂ,   Bonds,35000,
   ’·ŠúØ“ü‹à,   Long-term borrowings,59019,
   ƒŠ[ƒXÂ–±,   Lease obligations,7789,
   ŒJ‰„Å‹à•‰Â,   Deferred tax liabilities,1569,
   Ä•]‰¿‚ÉŒW‚éŒJ‰„Å‹à•‰Â,   Deferred tax liabilities for land revaluation,17030,
   –ğˆõ‘ŞEˆÔ˜Jˆø“–‹à,   Liability for severance and retirement benefits for directors and corporate auditors,23,
   –‹Æ\‘¢‰üŠvˆø“–‹à,   Provision for business restructuring,3374,
   ‘ŞE‹‹•t‚ÉŒW‚é•‰Â,   Net defined benefit liabilities,11685,
   ‘Yœ‹Â–±,   Asset retirement obligations,1794,
   ‚»‚Ì‘¼,   Others,15981,
   ŒÅ’è•‰Â‡Œv,   Total long-term liabilities,153267,
  •‰Â‡Œv,  Total liabilities,735024,
 ƒ‘Y‚Ì•”, Net assets,,
  Š”å‘–{,  Shareholders' equity,,
   ‘–{‹à,   Common stock,44384,
   ‘–{è—]‹à,   Capital surplus,18486,
   —˜‰vè—]‹à,   Retained earnings,-18676,
   ©ŒÈŠ”®,   Treasury stock,-4726,
   Š”å‘–{‡Œv,   Total shareholders' equity,39469,
  ‚»‚Ì‘¼‚Ì•ïŠ‡—˜‰v—İŒvŠz,  Accumulated other comprehensive income,,
   ‚»‚Ì‘¼—L‰¿ØŒ”•]‰¿·Šz‹à,   Net unrealized holding gains (losses) on securities,-29,
   ŒJ‰„ƒwƒbƒW‘¹‰v,   Unrealized gains (losses) on hedging derivatives,-10275,
   “y’nÄ•]‰¿·Šz‹à,   Revaluation reserve for land,37707,
   ˆ×‘ÖŠ·Z’²®Š¨’è,   Foreign currency translation adjustments,-1814,
   ‘ŞE‹‹•t‚ÉŒW‚é’²®—İŒvŠz,   Remeasurements of defined benefit plans,-680,
   ‚»‚Ì‘¼‚Ì•ïŠ‡—˜‰v—İŒvŠz‡Œv,   Total accumulated other comprehensive income,24907,
  VŠ”—\–ñŒ ,  Subscription rights to shares,175,
  ”ñx”zŠ”å•ª,  Non-controlling interests,40802,
  ƒ‘Y‡Œv,  Total net assets,105355,
 •‰Âƒ‘Y‡Œv, Total liabilities and net assets,840380,





Šé‹Æ–¼,Š”®‰ïĞOˆäE&Sƒz[ƒ‹ƒfƒBƒ“ƒOƒX,Mitsui E&S Holdings Co., Ltd.
ØŒ”º°ÄŞ,7003
•\–¼Ì,˜AŒ‹‘¹‰vi‹y‚Ñ•ïŠ‡—˜‰vjŒvZ‘



i•S–œ‰~j
2019/04/01-2020/03/31
˜AŒ‹‘¹‰vŒvZ‘,Consolidated statement of income,,
 ”„ã‚, Net sales,786477,
 ”„ãŒ´‰¿, Cost of sales,800625,
 ”„ã‘‘¹¸i¢j, Gross loss,-14147,
 ”Ì”„”ï‹y‚Ñˆê”ÊŠÇ—”ï, Selling. general and administrative expenses,47931,
 ‰c‹Æ‘¹¸i¢j, Operating loss,-62079,
 ‰c‹ÆŠOû‰v, Non-operating income,,
  óæ—˜‘§,  Interest income,6235,
  óæ”z“–‹à,  Dividend income,816,
  •ª–@‚É‚æ‚é“Š‘—˜‰v,  Share of profit of entities accounted for using equity method,2273,
  ƒfƒŠƒoƒeƒBƒu•]‰¿‰v,  Gain on valuation of derivatives,,
  ‚»‚Ì‘¼,  Other,1553,
  ‰c‹ÆŠOû‰v‡Œv,  Total non-operating income,10878,
 ‰c‹ÆŠO”ï—p, Non-operating expenses,,
  x•¥—˜‘§,  Interest expenses,3143,
  x•¥è”—¿,  Commission expenses,2234,
  ˆ×‘Ö·‘¹,  Foreign exchange losses,1623,
  ƒfƒŠƒoƒeƒBƒu•]‰¿‘¹,  Loss on valuation of derivatives,805,
  ‚»‚Ì‘¼,  Other,1450,
  ‰c‹ÆŠO”ï—p‡Œv,  Total non-operating expenses,9257,
 Œoí‘¹¸i¢j, Ordinary loss,-60457,
 “Á•Ê—˜‰v, Extraordinary income,,
  ŒÅ’è‘Yˆ•ª‰v,  Gain on disposal of non-current assets,2672,
  “Š‘—L‰¿ØŒ””„‹p‰v,  Gain on sales of investment securities,4890,
  ŠÖŒW‰ïĞŠ”®”„‹p‰v,  Gain on sales of shares of subsidiaries and associates,4716,
  ŠÖŒW‰ïĞ´Z‰v,  Gain on liquidation of subsidiaries and associates,509,
  óæ•ÛŒ¯‹à,  Insurance income,393,
  óæ•â‹à,  Compensation income,214,
  “Á•Ê—˜‰v‡Œv,  Total extraordinary income,13397,
 “Á•Ê‘¹¸, Extraordinary losses,,
  ŒÅ’è‘Yˆ•ª‘¹,  Loss on disposal of non-current assets,361,
  Œ¸‘¹‘¹¸,  Loss on impairment of non-current assets,1045,
  ĞŠQ‚É‚æ‚é‘¹¸,  Loss on disaster,764,
  “Š‘—L‰¿ØŒ””„‹p‘¹,  Loss on sales of investment securities,735,
  ŠÖŒW‰ïĞŠ”®”„‹p‘¹,  Loss on sales of shares of subsidiaries and associates,22492,
  “Š‘—L‰¿ØŒ”•]‰¿‘¹,  Loss on valuation of investment securities,725,
  ŠÖŒW‰ïĞŠ”®•]‰¿‘¹,  Loss on valuation of shares of subsidiaries and associates,43,
  –‹Æ\‘¢‰üŠv”ï—p,  Business restructuring cost,3374,
  ‘ŞE‹‹•t§“xˆê•”I—¹‘¹,  Loss on partial abolition of retirement benefit plan,265,
  “Á•ÊC‘U”ï,  Extraordinary repair expenses,16690,
  ŒÅ’è‘Yˆ³k‘¹,  Loss on tax purpose reduction entry of non-current assets,,
  ‘i×ŠÖ˜A‘¹¸,  Loss on litigation,,
  ‘¹ŠQ”…‘¹¸,  Loss on compensation for damage,,
  “Á•Ê‘¹¸‡Œv,  Total extraordinary losses,46500,
 Å‹à“™’²®‘O“–Šúƒ‘¹¸i¢j, Loss before income taxes,-93559,
 –@lÅAZ–¯Å‹y‚Ñ–‹ÆÅ, Income taxes - current,6680,
 –@lÅ“™’²®Šz, Income taxes - deferred,-5210,
 –@lÅ“™‡Œv, Total income taxes,1470,
 “–Šúƒ‘¹¸i¢j, Loss,-95030,
 ”ñx”zŠ”å‚É‹A‘®‚·‚é“–Šúƒ—˜‰v–”‚Í”ñx”zŠ”å‚É‹A‘®‚·‚é“–Šúƒ‘¹¸i¢j, Profit (loss) attributable to non-controlling interests,-8819,
 e‰ïĞŠ”å‚É‹A‘®‚·‚é“–Šúƒ‘¹¸i¢j, Loss attributable to owners of parent,-86210,
 “–Šúƒ‘¹¸i¢j, Loss,-95030,
 ‚»‚Ì‘¼‚Ì•ïŠ‡—˜‰v, Other comprehensive income,,
  ‚»‚Ì‘¼—L‰¿ØŒ”•]‰¿·Šz‹à,  Net unrealized holding gains (losses) on securities,-3973,
  ŒJ‰„ƒwƒbƒW‘¹‰v,  Unrealized gains (losses) on hedging derivatives,-1235,
  ˆ×‘ÖŠ·Z’²®Š¨’è,  Foreign currency translation adjustment,-3121,
  ‘ŞE‹‹•t‚ÉŒW‚é’²®Šz,  Remeasurements of defined benefit plans. net of tax,1578,
  •ª–@“K—p‰ïĞ‚É‘Î‚·‚é•ª‘Š“–Šz,  Share of other comprehensive income of entities accounted for using equity method,-3214,
  ‚»‚Ì‘¼‚Ì•ïŠ‡—˜‰v‡Œv,  Total other comprehensive income,-9966,
 •ïŠ‡—˜‰v, Comprehensive income,-104996,
 i“à–ój, Comprehensive income attributable to,,
  e‰ïĞŠ”å‚ÉŒW‚é•ïŠ‡—˜‰v,  Comprehensive income attributable to owners of parent,-94562,
  ”ñx”zŠ”å‚ÉŒW‚é•ïŠ‡—˜‰v,  Comprehensive income attributable to non-controlling interests,-10434,





Šé‹Æ–¼,Š”®‰ïĞOˆäE&Sƒz[ƒ‹ƒfƒBƒ“ƒOƒX,Mitsui E&S Holdings Co., Ltd.
ØŒ”º°ÄŞ,7003
•\–¼Ì,˜AŒ‹ƒLƒƒƒbƒVƒ…Eƒtƒ[ŒvZ‘



i•S–œ‰~j
2019/04/01-2020/03/31
˜AŒ‹ƒLƒƒƒbƒVƒ…Eƒtƒ[ŒvZ‘,Consolidated statement of cash flows,,
 ‰c‹ÆŠˆ“®‚É‚æ‚éƒLƒƒƒbƒVƒ…Eƒtƒ[, Cash flows from operating activities,,
  Å‹à“™’²®‘O“–Šúƒ‘¹¸i¢j,  Loss before income taxes,-93559,
  Œ¸‰¿‹p”ï,  Depreciation and amortization,15390,
  Œ¸‘¹‘¹¸,  Loss on impairment of non-current assets,1045,
  ‚Ì‚ê‚ñ‹pŠz,  Amortization of goodwill,1053,
  ‘İ“|ˆø“–‹à‚Ì‘Œ¸Šzi¢‚ÍŒ¸­j,  Decrease of allowance for doubtful accounts,45,
  ‘ŞE‹‹•t‚ÉŒW‚é•‰Â‚Ì‘Œ¸Šzi¢‚ÍŒ¸­j,  Increase in net defined benefit liabilities,2589,
  ‘ŞE‹‹•t‚ÉŒW‚é‘Y‚Ì‘Œ¸Šzi¢‚Í‘‰Áj,  Decrease in net defined benefit assets,-1872,
  ó’H–‘¹¸ˆø“–‹à‚Ì‘Œ¸Šzi¢‚ÍŒ¸­j,  Increase (decrease) in provision for loss on construction contracts,37552,
  C‘Uˆø“–‹à‚Ì‘Œ¸Šzi¢‚ÍŒ¸­j,  Increase (decrease) in provision for repairs,10568,
  óæ—˜‘§‹y‚Ñóæ”z“–‹à,  Interest and dividend income,-7052,
  x•¥—˜‘§,  Interest expenses,3143,
  •ª–@‚É‚æ‚é“Š‘‘¹‰vi¢‚Í‰vj,  Equity in earnings of unconsolidated subsidiaries and affiliates accounted for using equity method,-2273,
  ˆ×‘Ö·‘¹‰vi¢‚Í‰vj,  Foreign currency exchange losses (gain). net,-1532,
  “Š‘—L‰¿ØŒ””„‹p‘¹‰vi¢‚Í‰vj,  Gain on sales of investment securities. net,-4155,
  ŠÖŒW‰ïĞŠ”®”„‹p‘¹‰vi¢‚Í‰vj,  Gain on sales of subsidiaries and affiliates' stocks,17776,
  “Š‘—L‰¿ØŒ”•]‰¿‘¹‰vi¢‚Í‰vj,  Loss on valuation of investment securities,725,
  ŠÖŒW‰ïĞ´Z‘¹‰vi¢‚Í‰vj,  Gain on liquidation of subsidiaries and affiliates,-509,
  ŒÅ’è‘Yˆ•ª‘¹‰vi¢‚Í‰vj,  Gain on disposal of non-current assets. net,-2311,
  ŒÅ’è‘Yˆ³k‘¹,  Loss on tax purpose reduction entry of non-current assets,,
  ĞŠQ‘¹¸,  Loss on disaster,764,
  ‘i×ŠÖ˜A‘¹¸,  Loss on litigation,,
  óæ•ÛŒ¯‹à,  Insurance claim income,-393,
  ‘¹ŠQ”…‘¹¸,  Loss on compensation for damage,,
  ”„ãÂŒ ‚Ì‘Œ¸Šzi¢‚Í‘‰Áj,  Decrease in trade receivables,-79229,
  ‚½‚È‰µ‘Y‚Ì‘Œ¸Šzi¢‚Í‘‰Áj,  Decrease (increase) in inventories,-4993,
  d“üÂ–±‚Ì‘Œ¸Šzi¢‚ÍŒ¸­j,  Increase (decrease) in trade payables,64210,
  ‚»‚Ì‘¼‚Ì‘Y‚Ì‘Œ¸Šzi¢‚Í‘‰Áj,  Decrease in other assets,2077,
  ‚»‚Ì‘¼‚Ì•‰Â‚Ì‘Œ¸Šzi¢‚ÍŒ¸­j,  Increase (decrease) in other liabilities,5822,
  ‚»‚Ì‘¼,  Others. net,4134,
  ¬Œv,  Sub-total,-30983,
  —˜‘§‹y‚Ñ”z“–‹à‚ÌóæŠz,  Interest and dividend received,8940,
  —˜‘§‚Ìx•¥Šz,  Interest paid,-3172,
  ĞŠQ‘¹¸‚Ìx•¥Šz,  Payments associated with disaster loss,-764,
  •ÛŒ¯‹à‚ÌóæŠz,  Proceeds from insurance income,393,
  ‘i×ŠÖ˜A‘¹¸‚Ìx•¥Šz,  Payments for loss on litigation,,
  –@lÅ“™‚Ìx•¥Šz,  Income taxes paid,-11627,
  ‰c‹ÆŠˆ“®‚É‚æ‚éƒLƒƒƒbƒVƒ…Eƒtƒ[,  Net cash provided by (used in) operating activities,-37213,
 “Š‘Šˆ“®‚É‚æ‚éƒLƒƒƒbƒVƒ…Eƒtƒ[, Cash flows from investing activities,,
  ’èŠú—a‹à‚Ìƒ‘Œ¸Šzi¢‚Í‘‰Áj,  Net decrease (increase) in time deposits,518,
  —LŒ`‹y‚Ñ–³Œ`ŒÅ’è‘Y‚Ìæ“¾‚É‚æ‚éxo,  Capital expenditure,-15626,
  —LŒ`‹y‚Ñ–³Œ`ŒÅ’è‘Y‚Ì”„‹p‚É‚æ‚éû“ü,  Proceeds from sales of non-current assets,5303,
  “Š‘—L‰¿ØŒ”‚Ìæ“¾‚É‚æ‚éxo,  Purchases of investment securities,-4,
  “Š‘—L‰¿ØŒ”‚Ì”„‹p‚É‚æ‚éû“ü,  Proceeds from sales of investment securities,14112,
  ˜AŒ‹‚Ì”ÍˆÍ‚Ì•ÏX‚ğ”º‚¤q‰ïĞŠ”®‚Ì”„‹p‚É‚æ‚éû“ü,  Proceeds from sales of shares of subsidiaries resulting in change in scope of consolidation,39506,
  ŠÖŒW‰ïĞŠ”®‚Ìæ“¾‚É‚æ‚éxo,  Purchases of shares of subsidiaries and affiliates,-51,
  ŠÖŒW‰ïĞŠ”®‚Ì”„‹p‚É‚æ‚éû“ü,  Proceeds from sales of shares of subsidiaries and affiliates,1637,
  ŠÖŒW‰ïĞo‘‹à‚Ì•¥‚É‚æ‚éxo,  Payments for investments in capital of subsidiaries and affiliates,-529,
  ‘İ•t‚¯‚É‚æ‚éxo,  Disbursements of loans receivable,-16216,
  ‘İ•t‹à‚Ì‰ñû‚É‚æ‚éû“ü,  Collection of loans receivable,53791,
  ‚»‚Ì‘¼,  Others. net,1684,
  “Š‘Šˆ“®‚É‚æ‚éƒLƒƒƒbƒVƒ…Eƒtƒ[,  Net cash provided by (used in) investing activities,84125,
 à–±Šˆ“®‚É‚æ‚éƒLƒƒƒbƒVƒ…Eƒtƒ[, Cash flows from financing activities,,
  ’ZŠúØ“ü‹à‚Ìƒ‘Œ¸Šzi¢‚ÍŒ¸­j,  Net decrease in short-term borrowings,31231,
  ’·ŠúØ“ü‚ê‚É‚æ‚éû“ü,  Proceeds from long-term borrowings,2336,
  ’·ŠúØ“ü‹à‚Ì•ÔÏ‚É‚æ‚éxo,  Repayments of long-term borrowings,-44195,
  ƒŠ[ƒXÂ–±‚Ì•ÔÏ‚É‚æ‚éxo,  Repayments of lease obligations,-3005,
  ĞÂ‚ÌŠÒ‚É‚æ‚éxo,  Repayments on bonds,-10000,
  ”z“–‹à‚Ìx•¥Šz,  Dividends paid,-1,
  ”ñx”zŠ”å‚Ö‚Ì”z“–‹à‚Ìx•¥Šz,  Dividends paid to non-controlling interests,-3044,
  ”ñx”zŠ”å‚©‚ç‚Ì•¥‚İ‚É‚æ‚éû“ü,  Proceeds from share issuance to non-controlling shareholders,,
  ‚»‚Ì‘¼,  Others. net,-146,
  à–±Šˆ“®‚É‚æ‚éƒLƒƒƒbƒVƒ…Eƒtƒ[,  Net cash provided by (used in) financing activities,-26825,
 Œ»‹à‹y‚ÑŒ»‹à“¯“™•¨‚ÉŒW‚éŠ·Z·Šz, Effect of exchange rate changes on cash and cash equivalents,-771,
 Œ»‹à‹y‚ÑŒ»‹à“¯“™•¨‚Ì‘Œ¸Šzi¢‚ÍŒ¸­j, Net increase (decrease) in cash and cash equivalents,19315,
 Œ»‹à‹y‚ÑŒ»‹à“¯“™•¨‚ÌŠúñc‚, Cash and cash equivalents at beginning of period,97408,
 ˜AŒ‹‚Ì”ÍˆÍ‚Ì•ÏX‚É”º‚¤Œ»‹à‹y‚ÑŒ»‹à“¯“™•¨‚Ì‘Œ¸Šzi¢‚ÍŒ¸­j, Increase (decrease) due to changes in scope of consolidation,-32,
 Œ»‹à‹y‚ÑŒ»‹à“¯“™•¨‚ÌŠú––c‚, Cash and cash equivalents at end of period,116691,
